Ano_Mes,Date,Month_English,Quarter Name,Quarter_English,Semester Name,Semester_English
2016/abr,2016-04-01 00:00:00,April,2º Trimestre,2º Quarter,1º Semestre,1º Semester
2016/abr,2016-04-02 00:00:00,April,2º Trimestre,2º Quarter,1º Semestre,1º Semester
2016/abr,2016-04-03 00:00:00,April,2º Trimestre,2º Quarter,1º Semestre,1º Semester
2016/abr,2016-04-04 00:00:00,April,2º Trimestre,2º Quarter,1º Semestre,1º Semester
2016/abr,2016-04-05 00:00:00,April,2º Trimestre,2º Quarter,1º Semestre,1º Semester
2016/abr,2016-04-06 00:00:00,April,2º Trimestre,2º Quarter,1º Semestre,1º Semester
2016/abr,2016-04-07 00:00:00,April,2º Trimestre,2º Quarter,1º Semestre,1º Semester
2016/abr,2016-04-08 00:00:00,April,2º Trimestre,2º Quarter,1º Semestre,1º Semester
2016/abr,2016-04-09 00:00:00,April,2º Trimestre,2º Quarter,1º Semestre,1º Semester
2016/abr,2016-04-10 00:00:00,April,2º Trimestre,2º Quarter,1º Semestre,1º Semester
2016/abr,2016-04-11 00:00:00,April,2º Trimestre,2º Quarter,1º Semestre,1º Semester
2016/abr,2016-04-12 00:00:00,April,2º Trimestre,2º Quarter,1º Semestre,1º Semester
2016/abr,2016-04-13 00:00:00,April,2º Trimestre,2º Quarter,1º Semestre,1º Semester
2016/abr,2016-04-14 00:00:00,April,2º Trimestre,2º Quarter,1º Semestre,1º Semester
2016/abr,2016-04-15 00:00:00,April,2º Trimestre,2º Quarter,1º Semestre,1º Semester
2016/abr,2016-04-16 00:00:00,April,2º Trimestre,2º Quarter,1º Semestre,1º Semester
2016/abr,2016-04-17 00:00:00,April,2º Trimestre,2º Quarter,1º Semestre,1º Semester
2016/abr,2016-04-18 00:00:00,April,2º Trimestre,2º Quarter,1º Semestre,1º Semester
2016/abr,2016-04-19 00:00:00,April,2º Trimestre,2º Quarter,1º Semestre,1º Semester
2016/abr,2016-04-20 00:00:00,April,2º Trimestre,2º Quarter,1º Semestre,1º Semester
2016/abr,2016-04-21 00:00:00,April,2º Trimestre,2º Quarter,1º Semestre,1º Semester
2016/abr,2016-04-22 00:00:00,April,2º Trimestre,2º Quarter,1º Semestre,1º Semester
2016/abr,2016-04-23 00:00:00,April,2º Trimestre,2º Quarter,1º Semestre,1º Semester
2016/abr,2016-04-24 00:00:00,April,2º Trimestre,2º Quarter,1º Semestre,1º Semester
2016/abr,2016-04-25 00:00:00,April,2º Trimestre,2º Quarter,1º Semestre,1º Semester
2016/abr,2016-04-26 00:00:00,April,2º Trimestre,2º Quarter,1º Semestre,1º Semester
2016/abr,2016-04-27 00:00:00,April,2º Trimestre,2º Quarter,1º Semestre,1º Semester
2016/abr,2016-04-28 00:00:00,April,2º Trimestre,2º Quarter,1º Semestre,1º Semester
2016/abr,2016-04-29 00:00:00,April,2º Trimestre,2º Quarter,1º Semestre,1º Semester
2016/abr,2016-04-30 00:00:00,April,2º Trimestre,2º Quarter,1º Semestre,1º Semester
2016/ago,2016-08-01 00:00:00,August,3º Trimestre,3º Quarter,2º Semestre,2º Semester
2016/ago,2016-08-02 00:00:00,August,3º Trimestre,3º Quarter,2º Semestre,2º Semester
2016/ago,2016-08-03 00:00:00,August,3º Trimestre,3º Quarter,2º Semestre,2º Semester
2016/ago,2016-08-04 00:00:00,August,3º Trimestre,3º Quarter,2º Semestre,2º Semester
2016/ago,2016-08-05 00:00:00,August,3º Trimestre,3º Quarter,2º Semestre,2º Semester
2016/ago,2016-08-06 00:00:00,August,3º Trimestre,3º Quarter,2º Semestre,2º Semester
2016/ago,2016-08-07 00:00:00,August,3º Trimestre,3º Quarter,2º Semestre,2º Semester
2016/ago,2016-08-08 00:00:00,August,3º Trimestre,3º Quarter,2º Semestre,2º Semester
2016/ago,2016-08-09 00:00:00,August,3º Trimestre,3º Quarter,2º Semestre,2º Semester
2016/ago,2016-08-10 00:00:00,August,3º Trimestre,3º Quarter,2º Semestre,2º Semester
2016/ago,2016-08-11 00:00:00,August,3º Trimestre,3º Quarter,2º Semestre,2º Semester
2016/ago,2016-08-12 00:00:00,August,3º Trimestre,3º Quarter,2º Semestre,2º Semester
2016/ago,2016-08-13 00:00:00,August,3º Trimestre,3º Quarter,2º Semestre,2º Semester
2016/ago,2016-08-14 00:00:00,August,3º Trimestre,3º Quarter,2º Semestre,2º Semester
2016/ago,2016-08-15 00:00:00,August,3º Trimestre,3º Quarter,2º Semestre,2º Semester
2016/ago,2016-08-16 00:00:00,August,3º Trimestre,3º Quarter,2º Semestre,2º Semester
2016/ago,2016-08-17 00:00:00,August,3º Trimestre,3º Quarter,2º Semestre,2º Semester
2016/ago,2016-08-18 00:00:00,August,3º Trimestre,3º Quarter,2º Semestre,2º Semester
2016/ago,2016-08-19 00:00:00,August,3º Trimestre,3º Quarter,2º Semestre,2º Semester
2016/ago,2016-08-20 00:00:00,August,3º Trimestre,3º Quarter,2º Semestre,2º Semester
2016/ago,2016-08-21 00:00:00,August,3º Trimestre,3º Quarter,2º Semestre,2º Semester
2016/ago,2016-08-22 00:00:00,August,3º Trimestre,3º Quarter,2º Semestre,2º Semester
2016/ago,2016-08-23 00:00:00,August,3º Trimestre,3º Quarter,2º Semestre,2º Semester
2016/ago,2016-08-24 00:00:00,August,3º Trimestre,3º Quarter,2º Semestre,2º Semester
2016/ago,2016-08-25 00:00:00,August,3º Trimestre,3º Quarter,2º Semestre,2º Semester
2016/ago,2016-08-26 00:00:00,August,3º Trimestre,3º Quarter,2º Semestre,2º Semester
2016/ago,2016-08-27 00:00:00,August,3º Trimestre,3º Quarter,2º Semestre,2º Semester
2016/ago,2016-08-28 00:00:00,August,3º Trimestre,3º Quarter,2º Semestre,2º Semester
2016/ago,2016-08-29 00:00:00,August,3º Trimestre,3º Quarter,2º Semestre,2º Semester
2016/ago,2016-08-30 00:00:00,August,3º Trimestre,3º Quarter,2º Semestre,2º Semester
2016/ago,2016-08-31 00:00:00,August,3º Trimestre,3º Quarter,2º Semestre,2º Semester
2016/dez,2016-12-01 00:00:00,December,4º Trimestre,4º Quarter,2º Semestre,2º Semester
2016/dez,2016-12-02 00:00:00,December,4º Trimestre,4º Quarter,2º Semestre,2º Semester
2016/dez,2016-12-03 00:00:00,December,4º Trimestre,4º Quarter,2º Semestre,2º Semester
2016/dez,2016-12-04 00:00:00,December,4º Trimestre,4º Quarter,2º Semestre,2º Semester
2016/dez,2016-12-05 00:00:00,December,4º Trimestre,4º Quarter,2º Semestre,2º Semester
2016/dez,2016-12-06 00:00:00,December,4º Trimestre,4º Quarter,2º Semestre,2º Semester
2016/dez,2016-12-07 00:00:00,December,4º Trimestre,4º Quarter,2º Semestre,2º Semester
2016/dez,2016-12-08 00:00:00,December,4º Trimestre,4º Quarter,2º Semestre,2º Semester
2016/dez,2016-12-09 00:00:00,December,4º Trimestre,4º Quarter,2º Semestre,2º Semester
2016/dez,2016-12-10 00:00:00,December,4º Trimestre,4º Quarter,2º Semestre,2º Semester
2016/dez,2016-12-11 00:00:00,December,4º Trimestre,4º Quarter,2º Semestre,2º Semester
2016/dez,2016-12-12 00:00:00,December,4º Trimestre,4º Quarter,2º Semestre,2º Semester
2016/dez,2016-12-13 00:00:00,December,4º Trimestre,4º Quarter,2º Semestre,2º Semester
2016/dez,2016-12-14 00:00:00,December,4º Trimestre,4º Quarter,2º Semestre,2º Semester
2016/dez,2016-12-15 00:00:00,December,4º Trimestre,4º Quarter,2º Semestre,2º Semester
2016/dez,2016-12-16 00:00:00,December,4º Trimestre,4º Quarter,2º Semestre,2º Semester
2016/dez,2016-12-17 00:00:00,December,4º Trimestre,4º Quarter,2º Semestre,2º Semester
2016/dez,2016-12-18 00:00:00,December,4º Trimestre,4º Quarter,2º Semestre,2º Semester
2016/dez,2016-12-19 00:00:00,December,4º Trimestre,4º Quarter,2º Semestre,2º Semester
2016/dez,2016-12-20 00:00:00,December,4º Trimestre,4º Quarter,2º Semestre,2º Semester
2016/dez,2016-12-21 00:00:00,December,4º Trimestre,4º Quarter,2º Semestre,2º Semester
2016/dez,2016-12-22 00:00:00,December,4º Trimestre,4º Quarter,2º Semestre,2º Semester
2016/dez,2016-12-23 00:00:00,December,4º Trimestre,4º Quarter,2º Semestre,2º Semester
2016/dez,2016-12-24 00:00:00,December,4º Trimestre,4º Quarter,2º Semestre,2º Semester
2016/dez,2016-12-25 00:00:00,December,4º Trimestre,4º Quarter,2º Semestre,2º Semester
2016/dez,2016-12-26 00:00:00,December,4º Trimestre,4º Quarter,2º Semestre,2º Semester
2016/dez,2016-12-27 00:00:00,December,4º Trimestre,4º Quarter,2º Semestre,2º Semester
2016/dez,2016-12-28 00:00:00,December,4º Trimestre,4º Quarter,2º Semestre,2º Semester
2016/dez,2016-12-29 00:00:00,December,4º Trimestre,4º Quarter,2º Semestre,2º Semester
2016/dez,2016-12-30 00:00:00,December,4º Trimestre,4º Quarter,2º Semestre,2º Semester
2016/dez,2016-12-31 00:00:00,December,4º Trimestre,4º Quarter,2º Semestre,2º Semester
2016/fev,2016-02-01 00:00:00,February,1º Trimestre,1º Quarter,1º Semestre,1º Semester
2016/fev,2016-02-02 00:00:00,February,1º Trimestre,1º Quarter,1º Semestre,1º Semester
2016/fev,2016-02-03 00:00:00,February,1º Trimestre,1º Quarter,1º Semestre,1º Semester
2016/fev,2016-02-04 00:00:00,February,1º Trimestre,1º Quarter,1º Semestre,1º Semester
2016/fev,2016-02-05 00:00:00,February,1º Trimestre,1º Quarter,1º Semestre,1º Semester
2016/fev,2016-02-06 00:00:00,February,1º Trimestre,1º Quarter,1º Semestre,1º Semester
2016/fev,2016-02-07 00:00:00,February,1º Trimestre,1º Quarter,1º Semestre,1º Semester
2016/fev,2016-02-08 00:00:00,February,1º Trimestre,1º Quarter,1º Semestre,1º Semester
2016/fev,2016-02-09 00:00:00,February,1º Trimestre,1º Quarter,1º Semestre,1º Semester
2016/fev,2016-02-10 00:00:00,February,1º Trimestre,1º Quarter,1º Semestre,1º Semester
2016/fev,2016-02-11 00:00:00,February,1º Trimestre,1º Quarter,1º Semestre,1º Semester
2016/fev,2016-02-12 00:00:00,February,1º Trimestre,1º Quarter,1º Semestre,1º Semester
2016/fev,2016-02-13 00:00:00,February,1º Trimestre,1º Quarter,1º Semestre,1º Semester
2016/fev,2016-02-14 00:00:00,February,1º Trimestre,1º Quarter,1º Semestre,1º Semester
2016/fev,2016-02-15 00:00:00,February,1º Trimestre,1º Quarter,1º Semestre,1º Semester
2016/fev,2016-02-16 00:00:00,February,1º Trimestre,1º Quarter,1º Semestre,1º Semester
2016/fev,2016-02-17 00:00:00,February,1º Trimestre,1º Quarter,1º Semestre,1º Semester
2016/fev,2016-02-18 00:00:00,February,1º Trimestre,1º Quarter,1º Semestre,1º Semester
2016/fev,2016-02-19 00:00:00,February,1º Trimestre,1º Quarter,1º Semestre,1º Semester
2016/fev,2016-02-20 00:00:00,February,1º Trimestre,1º Quarter,1º Semestre,1º Semester
2016/fev,2016-02-21 00:00:00,February,1º Trimestre,1º Quarter,1º Semestre,1º Semester
2016/fev,2016-02-22 00:00:00,February,1º Trimestre,1º Quarter,1º Semestre,1º Semester
2016/fev,2016-02-23 00:00:00,February,1º Trimestre,1º Quarter,1º Semestre,1º Semester
2016/fev,2016-02-24 00:00:00,February,1º Trimestre,1º Quarter,1º Semestre,1º Semester
2016/fev,2016-02-25 00:00:00,February,1º Trimestre,1º Quarter,1º Semestre,1º Semester
2016/fev,2016-02-26 00:00:00,February,1º Trimestre,1º Quarter,1º Semestre,1º Semester
2016/fev,2016-02-27 00:00:00,February,1º Trimestre,1º Quarter,1º Semestre,1º Semester
2016/fev,2016-02-28 00:00:00,February,1º Trimestre,1º Quarter,1º Semestre,1º Semester
2016/fev,2016-02-29 00:00:00,February,1º Trimestre,1º Quarter,1º Semestre,1º Semester
2016/jan,2016-01-01 00:00:00,January,1º Trimestre,1º Quarter,1º Semestre,1º Semester
2016/jan,2016-01-02 00:00:00,January,1º Trimestre,1º Quarter,1º Semestre,1º Semester
2016/jan,2016-01-03 00:00:00,January,1º Trimestre,1º Quarter,1º Semestre,1º Semester
2016/jan,2016-01-04 00:00:00,January,1º Trimestre,1º Quarter,1º Semestre,1º Semester
2016/jan,2016-01-05 00:00:00,January,1º Trimestre,1º Quarter,1º Semestre,1º Semester
2016/jan,2016-01-06 00:00:00,January,1º Trimestre,1º Quarter,1º Semestre,1º Semester
2016/jan,2016-01-07 00:00:00,January,1º Trimestre,1º Quarter,1º Semestre,1º Semester
2016/jan,2016-01-08 00:00:00,January,1º Trimestre,1º Quarter,1º Semestre,1º Semester
2016/jan,2016-01-09 00:00:00,January,1º Trimestre,1º Quarter,1º Semestre,1º Semester
2016/jan,2016-01-10 00:00:00,January,1º Trimestre,1º Quarter,1º Semestre,1º Semester
2016/jan,2016-01-11 00:00:00,January,1º Trimestre,1º Quarter,1º Semestre,1º Semester
2016/jan,2016-01-12 00:00:00,January,1º Trimestre,1º Quarter,1º Semestre,1º Semester
2016/jan,2016-01-13 00:00:00,January,1º Trimestre,1º Quarter,1º Semestre,1º Semester
2016/jan,2016-01-14 00:00:00,January,1º Trimestre,1º Quarter,1º Semestre,1º Semester
2016/jan,2016-01-15 00:00:00,January,1º Trimestre,1º Quarter,1º Semestre,1º Semester
2016/jan,2016-01-16 00:00:00,January,1º Trimestre,1º Quarter,1º Semestre,1º Semester
2016/jan,2016-01-17 00:00:00,January,1º Trimestre,1º Quarter,1º Semestre,1º Semester
2016/jan,2016-01-18 00:00:00,January,1º Trimestre,1º Quarter,1º Semestre,1º Semester
2016/jan,2016-01-19 00:00:00,January,1º Trimestre,1º Quarter,1º Semestre,1º Semester
2016/jan,2016-01-20 00:00:00,January,1º Trimestre,1º Quarter,1º Semestre,1º Semester
2016/jan,2016-01-21 00:00:00,January,1º Trimestre,1º Quarter,1º Semestre,1º Semester
2016/jan,2016-01-22 00:00:00,January,1º Trimestre,1º Quarter,1º Semestre,1º Semester
2016/jan,2016-01-23 00:00:00,January,1º Trimestre,1º Quarter,1º Semestre,1º Semester
2016/jan,2016-01-24 00:00:00,January,1º Trimestre,1º Quarter,1º Semestre,1º Semester
2016/jan,2016-01-25 00:00:00,January,1º Trimestre,1º Quarter,1º Semestre,1º Semester
2016/jan,2016-01-26 00:00:00,January,1º Trimestre,1º Quarter,1º Semestre,1º Semester
2016/jan,2016-01-27 00:00:00,January,1º Trimestre,1º Quarter,1º Semestre,1º Semester
2016/jan,2016-01-28 00:00:00,January,1º Trimestre,1º Quarter,1º Semestre,1º Semester
2016/jan,2016-01-29 00:00:00,January,1º Trimestre,1º Quarter,1º Semestre,1º Semester
2016/jan,2016-01-30 00:00:00,January,1º Trimestre,1º Quarter,1º Semestre,1º Semester
2016/jan,2016-01-31 00:00:00,January,1º Trimestre,1º Quarter,1º Semestre,1º Semester
2016/jul,2016-07-01 00:00:00,July,3º Trimestre,3º Quarter,2º Semestre,2º Semester
2016/jul,2016-07-02 00:00:00,July,3º Trimestre,3º Quarter,2º Semestre,2º Semester
2016/jul,2016-07-03 00:00:00,July,3º Trimestre,3º Quarter,2º Semestre,2º Semester
2016/jul,2016-07-04 00:00:00,July,3º Trimestre,3º Quarter,2º Semestre,2º Semester
2016/jul,2016-07-05 00:00:00,July,3º Trimestre,3º Quarter,2º Semestre,2º Semester
2016/jul,2016-07-06 00:00:00,July,3º Trimestre,3º Quarter,2º Semestre,2º Semester
2016/jul,2016-07-07 00:00:00,July,3º Trimestre,3º Quarter,2º Semestre,2º Semester
2016/jul,2016-07-08 00:00:00,July,3º Trimestre,3º Quarter,2º Semestre,2º Semester
2016/jul,2016-07-09 00:00:00,July,3º Trimestre,3º Quarter,2º Semestre,2º Semester
2016/jul,2016-07-10 00:00:00,July,3º Trimestre,3º Quarter,2º Semestre,2º Semester
2016/jul,2016-07-11 00:00:00,July,3º Trimestre,3º Quarter,2º Semestre,2º Semester
2016/jul,2016-07-12 00:00:00,July,3º Trimestre,3º Quarter,2º Semestre,2º Semester
2016/jul,2016-07-13 00:00:00,July,3º Trimestre,3º Quarter,2º Semestre,2º Semester
2016/jul,2016-07-14 00:00:00,July,3º Trimestre,3º Quarter,2º Semestre,2º Semester
2016/jul,2016-07-15 00:00:00,July,3º Trimestre,3º Quarter,2º Semestre,2º Semester
2016/jul,2016-07-16 00:00:00,July,3º Trimestre,3º Quarter,2º Semestre,2º Semester
2016/jul,2016-07-17 00:00:00,July,3º Trimestre,3º Quarter,2º Semestre,2º Semester
2016/jul,2016-07-18 00:00:00,July,3º Trimestre,3º Quarter,2º Semestre,2º Semester
2016/jul,2016-07-19 00:00:00,July,3º Trimestre,3º Quarter,2º Semestre,2º Semester
2016/jul,2016-07-20 00:00:00,July,3º Trimestre,3º Quarter,2º Semestre,2º Semester
2016/jul,2016-07-21 00:00:00,July,3º Trimestre,3º Quarter,2º Semestre,2º Semester
2016/jul,2016-07-22 00:00:00,July,3º Trimestre,3º Quarter,2º Semestre,2º Semester
2016/jul,2016-07-23 00:00:00,July,3º Trimestre,3º Quarter,2º Semestre,2º Semester
2016/jul,2016-07-24 00:00:00,July,3º Trimestre,3º Quarter,2º Semestre,2º Semester
2016/jul,2016-07-25 00:00:00,July,3º Trimestre,3º Quarter,2º Semestre,2º Semester
2016/jul,2016-07-26 00:00:00,July,3º Trimestre,3º Quarter,2º Semestre,2º Semester
2016/jul,2016-07-27 00:00:00,July,3º Trimestre,3º Quarter,2º Semestre,2º Semester
2016/jul,2016-07-28 00:00:00,July,3º Trimestre,3º Quarter,2º Semestre,2º Semester
2016/jul,2016-07-29 00:00:00,July,3º Trimestre,3º Quarter,2º Semestre,2º Semester
2016/jul,2016-07-30 00:00:00,July,3º Trimestre,3º Quarter,2º Semestre,2º Semester
2016/jul,2016-07-31 00:00:00,July,3º Trimestre,3º Quarter,2º Semestre,2º Semester
2016/jun,2016-06-01 00:00:00,June,2º Trimestre,2º Quarter,1º Semestre,1º Semester
2016/jun,2016-06-02 00:00:00,June,2º Trimestre,2º Quarter,1º Semestre,1º Semester
2016/jun,2016-06-03 00:00:00,June,2º Trimestre,2º Quarter,1º Semestre,1º Semester
2016/jun,2016-06-04 00:00:00,June,2º Trimestre,2º Quarter,1º Semestre,1º Semester
2016/jun,2016-06-05 00:00:00,June,2º Trimestre,2º Quarter,1º Semestre,1º Semester
2016/jun,2016-06-06 00:00:00,June,2º Trimestre,2º Quarter,1º Semestre,1º Semester
2016/jun,2016-06-07 00:00:00,June,2º Trimestre,2º Quarter,1º Semestre,1º Semester
2016/jun,2016-06-08 00:00:00,June,2º Trimestre,2º Quarter,1º Semestre,1º Semester
2016/jun,2016-06-09 00:00:00,June,2º Trimestre,2º Quarter,1º Semestre,1º Semester
2016/jun,2016-06-10 00:00:00,June,2º Trimestre,2º Quarter,1º Semestre,1º Semester
2016/jun,2016-06-11 00:00:00,June,2º Trimestre,2º Quarter,1º Semestre,1º Semester
2016/jun,2016-06-12 00:00:00,June,2º Trimestre,2º Quarter,1º Semestre,1º Semester
2016/jun,2016-06-13 00:00:00,June,2º Trimestre,2º Quarter,1º Semestre,1º Semester
2016/jun,2016-06-14 00:00:00,June,2º Trimestre,2º Quarter,1º Semestre,1º Semester
2016/jun,2016-06-15 00:00:00,June,2º Trimestre,2º Quarter,1º Semestre,1º Semester
2016/jun,2016-06-16 00:00:00,June,2º Trimestre,2º Quarter,1º Semestre,1º Semester
2016/jun,2016-06-17 00:00:00,June,2º Trimestre,2º Quarter,1º Semestre,1º Semester
2016/jun,2016-06-18 00:00:00,June,2º Trimestre,2º Quarter,1º Semestre,1º Semester
2016/jun,2016-06-19 00:00:00,June,2º Trimestre,2º Quarter,1º Semestre,1º Semester
2016/jun,2016-06-20 00:00:00,June,2º Trimestre,2º Quarter,1º Semestre,1º Semester
2016/jun,2016-06-21 00:00:00,June,2º Trimestre,2º Quarter,1º Semestre,1º Semester
2016/jun,2016-06-22 00:00:00,June,2º Trimestre,2º Quarter,1º Semestre,1º Semester
2016/jun,2016-06-23 00:00:00,June,2º Trimestre,2º Quarter,1º Semestre,1º Semester
2016/jun,2016-06-24 00:00:00,June,2º Trimestre,2º Quarter,1º Semestre,1º Semester
2016/jun,2016-06-25 00:00:00,June,2º Trimestre,2º Quarter,1º Semestre,1º Semester
2016/jun,2016-06-26 00:00:00,June,2º Trimestre,2º Quarter,1º Semestre,1º Semester
2016/jun,2016-06-27 00:00:00,June,2º Trimestre,2º Quarter,1º Semestre,1º Semester
2016/jun,2016-06-28 00:00:00,June,2º Trimestre,2º Quarter,1º Semestre,1º Semester
2016/jun,2016-06-29 00:00:00,June,2º Trimestre,2º Quarter,1º Semestre,1º Semester
2016/jun,2016-06-30 00:00:00,June,2º Trimestre,2º Quarter,1º Semestre,1º Semester
2016/mai,2016-05-01 00:00:00,May,2º Trimestre,2º Quarter,1º Semestre,1º Semester
2016/mai,2016-05-02 00:00:00,May,2º Trimestre,2º Quarter,1º Semestre,1º Semester
2016/mai,2016-05-03 00:00:00,May,2º Trimestre,2º Quarter,1º Semestre,1º Semester
2016/mai,2016-05-04 00:00:00,May,2º Trimestre,2º Quarter,1º Semestre,1º Semester
2016/mai,2016-05-05 00:00:00,May,2º Trimestre,2º Quarter,1º Semestre,1º Semester
2016/mai,2016-05-06 00:00:00,May,2º Trimestre,2º Quarter,1º Semestre,1º Semester
2016/mai,2016-05-07 00:00:00,May,2º Trimestre,2º Quarter,1º Semestre,1º Semester
2016/mai,2016-05-08 00:00:00,May,2º Trimestre,2º Quarter,1º Semestre,1º Semester
2016/mai,2016-05-09 00:00:00,May,2º Trimestre,2º Quarter,1º Semestre,1º Semester
2016/mai,2016-05-10 00:00:00,May,2º Trimestre,2º Quarter,1º Semestre,1º Semester
2016/mai,2016-05-11 00:00:00,May,2º Trimestre,2º Quarter,1º Semestre,1º Semester
2016/mai,2016-05-12 00:00:00,May,2º Trimestre,2º Quarter,1º Semestre,1º Semester
2016/mai,2016-05-13 00:00:00,May,2º Trimestre,2º Quarter,1º Semestre,1º Semester
2016/mai,2016-05-14 00:00:00,May,2º Trimestre,2º Quarter,1º Semestre,1º Semester
2016/mai,2016-05-15 00:00:00,May,2º Trimestre,2º Quarter,1º Semestre,1º Semester
2016/mai,2016-05-16 00:00:00,May,2º Trimestre,2º Quarter,1º Semestre,1º Semester
2016/mai,2016-05-17 00:00:00,May,2º Trimestre,2º Quarter,1º Semestre,1º Semester
2016/mai,2016-05-18 00:00:00,May,2º Trimestre,2º Quarter,1º Semestre,1º Semester
2016/mai,2016-05-19 00:00:00,May,2º Trimestre,2º Quarter,1º Semestre,1º Semester
2016/mai,2016-05-20 00:00:00,May,2º Trimestre,2º Quarter,1º Semestre,1º Semester
2016/mai,2016-05-21 00:00:00,May,2º Trimestre,2º Quarter,1º Semestre,1º Semester
2016/mai,2016-05-22 00:00:00,May,2º Trimestre,2º Quarter,1º Semestre,1º Semester
2016/mai,2016-05-23 00:00:00,May,2º Trimestre,2º Quarter,1º Semestre,1º Semester
2016/mai,2016-05-24 00:00:00,May,2º Trimestre,2º Quarter,1º Semestre,1º Semester
2016/mai,2016-05-25 00:00:00,May,2º Trimestre,2º Quarter,1º Semestre,1º Semester
2016/mai,2016-05-26 00:00:00,May,2º Trimestre,2º Quarter,1º Semestre,1º Semester
2016/mai,2016-05-27 00:00:00,May,2º Trimestre,2º Quarter,1º Semestre,1º Semester
2016/mai,2016-05-28 00:00:00,May,2º Trimestre,2º Quarter,1º Semestre,1º Semester
2016/mai,2016-05-29 00:00:00,May,2º Trimestre,2º Quarter,1º Semestre,1º Semester
2016/mai,2016-05-30 00:00:00,May,2º Trimestre,2º Quarter,1º Semestre,1º Semester
2016/mai,2016-05-31 00:00:00,May,2º Trimestre,2º Quarter,1º Semestre,1º Semester
2016/mar,2016-03-01 00:00:00,March,1º Trimestre,1º Quarter,1º Semestre,1º Semester
2016/mar,2016-03-02 00:00:00,March,1º Trimestre,1º Quarter,1º Semestre,1º Semester
2016/mar,2016-03-03 00:00:00,March,1º Trimestre,1º Quarter,1º Semestre,1º Semester
2016/mar,2016-03-04 00:00:00,March,1º Trimestre,1º Quarter,1º Semestre,1º Semester
2016/mar,2016-03-05 00:00:00,March,1º Trimestre,1º Quarter,1º Semestre,1º Semester
2016/mar,2016-03-06 00:00:00,March,1º Trimestre,1º Quarter,1º Semestre,1º Semester
2016/mar,2016-03-07 00:00:00,March,1º Trimestre,1º Quarter,1º Semestre,1º Semester
2016/mar,2016-03-08 00:00:00,March,1º Trimestre,1º Quarter,1º Semestre,1º Semester
2016/mar,2016-03-09 00:00:00,March,1º Trimestre,1º Quarter,1º Semestre,1º Semester
2016/mar,2016-03-10 00:00:00,March,1º Trimestre,1º Quarter,1º Semestre,1º Semester
2016/mar,2016-03-11 00:00:00,March,1º Trimestre,1º Quarter,1º Semestre,1º Semester
2016/mar,2016-03-12 00:00:00,March,1º Trimestre,1º Quarter,1º Semestre,1º Semester
2016/mar,2016-03-13 00:00:00,March,1º Trimestre,1º Quarter,1º Semestre,1º Semester
2016/mar,2016-03-14 00:00:00,March,1º Trimestre,1º Quarter,1º Semestre,1º Semester
2016/mar,2016-03-15 00:00:00,March,1º Trimestre,1º Quarter,1º Semestre,1º Semester
2016/mar,2016-03-16 00:00:00,March,1º Trimestre,1º Quarter,1º Semestre,1º Semester
2016/mar,2016-03-17 00:00:00,March,1º Trimestre,1º Quarter,1º Semestre,1º Semester
2016/mar,2016-03-18 00:00:00,March,1º Trimestre,1º Quarter,1º Semestre,1º Semester
2016/mar,2016-03-19 00:00:00,March,1º Trimestre,1º Quarter,1º Semestre,1º Semester
2016/mar,2016-03-20 00:00:00,March,1º Trimestre,1º Quarter,1º Semestre,1º Semester
2016/mar,2016-03-21 00:00:00,March,1º Trimestre,1º Quarter,1º Semestre,1º Semester
2016/mar,2016-03-22 00:00:00,March,1º Trimestre,1º Quarter,1º Semestre,1º Semester
2016/mar,2016-03-23 00:00:00,March,1º Trimestre,1º Quarter,1º Semestre,1º Semester
2016/mar,2016-03-24 00:00:00,March,1º Trimestre,1º Quarter,1º Semestre,1º Semester
2016/mar,2016-03-25 00:00:00,March,1º Trimestre,1º Quarter,1º Semestre,1º Semester
2016/mar,2016-03-26 00:00:00,March,1º Trimestre,1º Quarter,1º Semestre,1º Semester
2016/mar,2016-03-27 00:00:00,March,1º Trimestre,1º Quarter,1º Semestre,1º Semester
2016/mar,2016-03-28 00:00:00,March,1º Trimestre,1º Quarter,1º Semestre,1º Semester
2016/mar,2016-03-29 00:00:00,March,1º Trimestre,1º Quarter,1º Semestre,1º Semester
2016/mar,2016-03-30 00:00:00,March,1º Trimestre,1º Quarter,1º Semestre,1º Semester
2016/mar,2016-03-31 00:00:00,March,1º Trimestre,1º Quarter,1º Semestre,1º Semester
2016/nov,2016-11-01 00:00:00,November,4º Trimestre,4º Quarter,2º Semestre,2º Semester
2016/nov,2016-11-02 00:00:00,November,4º Trimestre,4º Quarter,2º Semestre,2º Semester
2016/nov,2016-11-03 00:00:00,November,4º Trimestre,4º Quarter,2º Semestre,2º Semester
2016/nov,2016-11-04 00:00:00,November,4º Trimestre,4º Quarter,2º Semestre,2º Semester
2016/nov,2016-11-05 00:00:00,November,4º Trimestre,4º Quarter,2º Semestre,2º Semester
2016/nov,2016-11-06 00:00:00,November,4º Trimestre,4º Quarter,2º Semestre,2º Semester
2016/nov,2016-11-07 00:00:00,November,4º Trimestre,4º Quarter,2º Semestre,2º Semester
2016/nov,2016-11-08 00:00:00,November,4º Trimestre,4º Quarter,2º Semestre,2º Semester
2016/nov,2016-11-09 00:00:00,November,4º Trimestre,4º Quarter,2º Semestre,2º Semester
2016/nov,2016-11-10 00:00:00,November,4º Trimestre,4º Quarter,2º Semestre,2º Semester
2016/nov,2016-11-11 00:00:00,November,4º Trimestre,4º Quarter,2º Semestre,2º Semester
2016/nov,2016-11-12 00:00:00,November,4º Trimestre,4º Quarter,2º Semestre,2º Semester
2016/nov,2016-11-13 00:00:00,November,4º Trimestre,4º Quarter,2º Semestre,2º Semester
2016/nov,2016-11-14 00:00:00,November,4º Trimestre,4º Quarter,2º Semestre,2º Semester
2016/nov,2016-11-15 00:00:00,November,4º Trimestre,4º Quarter,2º Semestre,2º Semester
2016/nov,2016-11-16 00:00:00,November,4º Trimestre,4º Quarter,2º Semestre,2º Semester
2016/nov,2016-11-17 00:00:00,November,4º Trimestre,4º Quarter,2º Semestre,2º Semester
2016/nov,2016-11-18 00:00:00,November,4º Trimestre,4º Quarter,2º Semestre,2º Semester
2016/nov,2016-11-19 00:00:00,November,4º Trimestre,4º Quarter,2º Semestre,2º Semester
2016/nov,2016-11-20 00:00:00,November,4º Trimestre,4º Quarter,2º Semestre,2º Semester
2016/nov,2016-11-21 00:00:00,November,4º Trimestre,4º Quarter,2º Semestre,2º Semester
2016/nov,2016-11-22 00:00:00,November,4º Trimestre,4º Quarter,2º Semestre,2º Semester
2016/nov,2016-11-23 00:00:00,November,4º Trimestre,4º Quarter,2º Semestre,2º Semester
2016/nov,2016-11-24 00:00:00,November,4º Trimestre,4º Quarter,2º Semestre,2º Semester
2016/nov,2016-11-25 00:00:00,November,4º Trimestre,4º Quarter,2º Semestre,2º Semester
2016/nov,2016-11-26 00:00:00,November,4º Trimestre,4º Quarter,2º Semestre,2º Semester
2016/nov,2016-11-27 00:00:00,November,4º Trimestre,4º Quarter,2º Semestre,2º Semester
2016/nov,2016-11-28 00:00:00,November,4º Trimestre,4º Quarter,2º Semestre,2º Semester
2016/nov,2016-11-29 00:00:00,November,4º Trimestre,4º Quarter,2º Semestre,2º Semester
2016/nov,2016-11-30 00:00:00,November,4º Trimestre,4º Quarter,2º Semestre,2º Semester
2016/out,2016-10-01 00:00:00,October,4º Trimestre,4º Quarter,2º Semestre,2º Semester
2016/out,2016-10-02 00:00:00,October,4º Trimestre,4º Quarter,2º Semestre,2º Semester
2016/out,2016-10-03 00:00:00,October,4º Trimestre,4º Quarter,2º Semestre,2º Semester
2016/out,2016-10-04 00:00:00,October,4º Trimestre,4º Quarter,2º Semestre,2º Semester
2016/out,2016-10-05 00:00:00,October,4º Trimestre,4º Quarter,2º Semestre,2º Semester
2016/out,2016-10-06 00:00:00,October,4º Trimestre,4º Quarter,2º Semestre,2º Semester
2016/out,2016-10-07 00:00:00,October,4º Trimestre,4º Quarter,2º Semestre,2º Semester
2016/out,2016-10-08 00:00:00,October,4º Trimestre,4º Quarter,2º Semestre,2º Semester
2016/out,2016-10-09 00:00:00,October,4º Trimestre,4º Quarter,2º Semestre,2º Semester
2016/out,2016-10-10 00:00:00,October,4º Trimestre,4º Quarter,2º Semestre,2º Semester
2016/out,2016-10-11 00:00:00,October,4º Trimestre,4º Quarter,2º Semestre,2º Semester
2016/out,2016-10-12 00:00:00,October,4º Trimestre,4º Quarter,2º Semestre,2º Semester
2016/out,2016-10-13 00:00:00,October,4º Trimestre,4º Quarter,2º Semestre,2º Semester
2016/out,2016-10-14 00:00:00,October,4º Trimestre,4º Quarter,2º Semestre,2º Semester
2016/out,2016-10-15 00:00:00,October,4º Trimestre,4º Quarter,2º Semestre,2º Semester
2016/out,2016-10-16 00:00:00,October,4º Trimestre,4º Quarter,2º Semestre,2º Semester
2016/out,2016-10-17 00:00:00,October,4º Trimestre,4º Quarter,2º Semestre,2º Semester
2016/out,2016-10-18 00:00:00,October,4º Trimestre,4º Quarter,2º Semestre,2º Semester
2016/out,2016-10-19 00:00:00,October,4º Trimestre,4º Quarter,2º Semestre,2º Semester
2016/out,2016-10-20 00:00:00,October,4º Trimestre,4º Quarter,2º Semestre,2º Semester
2016/out,2016-10-21 00:00:00,October,4º Trimestre,4º Quarter,2º Semestre,2º Semester
2016/out,2016-10-22 00:00:00,October,4º Trimestre,4º Quarter,2º Semestre,2º Semester
2016/out,2016-10-23 00:00:00,October,4º Trimestre,4º Quarter,2º Semestre,2º Semester
2016/out,2016-10-24 00:00:00,October,4º Trimestre,4º Quarter,2º Semestre,2º Semester
2016/out,2016-10-25 00:00:00,October,4º Trimestre,4º Quarter,2º Semestre,2º Semester
2016/out,2016-10-26 00:00:00,October,4º Trimestre,4º Quarter,2º Semestre,2º Semester
2016/out,2016-10-27 00:00:00,October,4º Trimestre,4º Quarter,2º Semestre,2º Semester
2016/out,2016-10-28 00:00:00,October,4º Trimestre,4º Quarter,2º Semestre,2º Semester
2016/out,2016-10-29 00:00:00,October,4º Trimestre,4º Quarter,2º Semestre,2º Semester
2016/out,2016-10-30 00:00:00,October,4º Trimestre,4º Quarter,2º Semestre,2º Semester
2016/out,2016-10-31 00:00:00,October,4º Trimestre,4º Quarter,2º Semestre,2º Semester
2016/set,2016-09-01 00:00:00,September,3º Trimestre,3º Quarter,2º Semestre,2º Semester
2016/set,2016-09-02 00:00:00,September,3º Trimestre,3º Quarter,2º Semestre,2º Semester
2016/set,2016-09-03 00:00:00,September,3º Trimestre,3º Quarter,2º Semestre,2º Semester
2016/set,2016-09-04 00:00:00,September,3º Trimestre,3º Quarter,2º Semestre,2º Semester
2016/set,2016-09-05 00:00:00,September,3º Trimestre,3º Quarter,2º Semestre,2º Semester
2016/set,2016-09-06 00:00:00,September,3º Trimestre,3º Quarter,2º Semestre,2º Semester
2016/set,2016-09-07 00:00:00,September,3º Trimestre,3º Quarter,2º Semestre,2º Semester
2016/set,2016-09-08 00:00:00,September,3º Trimestre,3º Quarter,2º Semestre,2º Semester
2016/set,2016-09-09 00:00:00,September,3º Trimestre,3º Quarter,2º Semestre,2º Semester
2016/set,2016-09-10 00:00:00,September,3º Trimestre,3º Quarter,2º Semestre,2º Semester
2016/set,2016-09-11 00:00:00,September,3º Trimestre,3º Quarter,2º Semestre,2º Semester
2016/set,2016-09-12 00:00:00,September,3º Trimestre,3º Quarter,2º Semestre,2º Semester
2016/set,2016-09-13 00:00:00,September,3º Trimestre,3º Quarter,2º Semestre,2º Semester
2016/set,2016-09-14 00:00:00,September,3º Trimestre,3º Quarter,2º Semestre,2º Semester
2016/set,2016-09-15 00:00:00,September,3º Trimestre,3º Quarter,2º Semestre,2º Semester
2016/set,2016-09-16 00:00:00,September,3º Trimestre,3º Quarter,2º Semestre,2º Semester
2016/set,2016-09-17 00:00:00,September,3º Trimestre,3º Quarter,2º Semestre,2º Semester
2016/set,2016-09-18 00:00:00,September,3º Trimestre,3º Quarter,2º Semestre,2º Semester
2016/set,2016-09-19 00:00:00,September,3º Trimestre,3º Quarter,2º Semestre,2º Semester
2016/set,2016-09-20 00:00:00,September,3º Trimestre,3º Quarter,2º Semestre,2º Semester
2016/set,2016-09-21 00:00:00,September,3º Trimestre,3º Quarter,2º Semestre,2º Semester
2016/set,2016-09-22 00:00:00,September,3º Trimestre,3º Quarter,2º Semestre,2º Semester
2016/set,2016-09-23 00:00:00,September,3º Trimestre,3º Quarter,2º Semestre,2º Semester
2016/set,2016-09-24 00:00:00,September,3º Trimestre,3º Quarter,2º Semestre,2º Semester
2016/set,2016-09-25 00:00:00,September,3º Trimestre,3º Quarter,2º Semestre,2º Semester
2016/set,2016-09-26 00:00:00,September,3º Trimestre,3º Quarter,2º Semestre,2º Semester
2016/set,2016-09-27 00:00:00,September,3º Trimestre,3º Quarter,2º Semestre,2º Semester
2016/set,2016-09-28 00:00:00,September,3º Trimestre,3º Quarter,2º Semestre,2º Semester
2016/set,2016-09-29 00:00:00,September,3º Trimestre,3º Quarter,2º Semestre,2º Semester
2016/set,2016-09-30 00:00:00,September,3º Trimestre,3º Quarter,2º Semestre,2º Semester
2017/abr,2017-04-01 00:00:00,April,2º Trimestre,2º Quarter,1º Semestre,1º Semester
2017/abr,2017-04-02 00:00:00,April,2º Trimestre,2º Quarter,1º Semestre,1º Semester
2017/abr,2017-04-03 00:00:00,April,2º Trimestre,2º Quarter,1º Semestre,1º Semester
2017/abr,2017-04-04 00:00:00,April,2º Trimestre,2º Quarter,1º Semestre,1º Semester
2017/abr,2017-04-05 00:00:00,April,2º Trimestre,2º Quarter,1º Semestre,1º Semester
2017/abr,2017-04-06 00:00:00,April,2º Trimestre,2º Quarter,1º Semestre,1º Semester
2017/abr,2017-04-07 00:00:00,April,2º Trimestre,2º Quarter,1º Semestre,1º Semester
2017/abr,2017-04-08 00:00:00,April,2º Trimestre,2º Quarter,1º Semestre,1º Semester
2017/abr,2017-04-09 00:00:00,April,2º Trimestre,2º Quarter,1º Semestre,1º Semester
2017/abr,2017-04-10 00:00:00,April,2º Trimestre,2º Quarter,1º Semestre,1º Semester
2017/abr,2017-04-11 00:00:00,April,2º Trimestre,2º Quarter,1º Semestre,1º Semester
2017/abr,2017-04-12 00:00:00,April,2º Trimestre,2º Quarter,1º Semestre,1º Semester
2017/abr,2017-04-13 00:00:00,April,2º Trimestre,2º Quarter,1º Semestre,1º Semester
2017/abr,2017-04-14 00:00:00,April,2º Trimestre,2º Quarter,1º Semestre,1º Semester
2017/abr,2017-04-15 00:00:00,April,2º Trimestre,2º Quarter,1º Semestre,1º Semester
2017/abr,2017-04-16 00:00:00,April,2º Trimestre,2º Quarter,1º Semestre,1º Semester
2017/abr,2017-04-17 00:00:00,April,2º Trimestre,2º Quarter,1º Semestre,1º Semester
2017/abr,2017-04-18 00:00:00,April,2º Trimestre,2º Quarter,1º Semestre,1º Semester
2017/abr,2017-04-19 00:00:00,April,2º Trimestre,2º Quarter,1º Semestre,1º Semester
2017/abr,2017-04-20 00:00:00,April,2º Trimestre,2º Quarter,1º Semestre,1º Semester
2017/abr,2017-04-21 00:00:00,April,2º Trimestre,2º Quarter,1º Semestre,1º Semester
2017/abr,2017-04-22 00:00:00,April,2º Trimestre,2º Quarter,1º Semestre,1º Semester
2017/abr,2017-04-23 00:00:00,April,2º Trimestre,2º Quarter,1º Semestre,1º Semester
2017/abr,2017-04-24 00:00:00,April,2º Trimestre,2º Quarter,1º Semestre,1º Semester
2017/abr,2017-04-25 00:00:00,April,2º Trimestre,2º Quarter,1º Semestre,1º Semester
2017/abr,2017-04-26 00:00:00,April,2º Trimestre,2º Quarter,1º Semestre,1º Semester
2017/abr,2017-04-27 00:00:00,April,2º Trimestre,2º Quarter,1º Semestre,1º Semester
2017/abr,2017-04-28 00:00:00,April,2º Trimestre,2º Quarter,1º Semestre,1º Semester
2017/abr,2017-04-29 00:00:00,April,2º Trimestre,2º Quarter,1º Semestre,1º Semester
2017/abr,2017-04-30 00:00:00,April,2º Trimestre,2º Quarter,1º Semestre,1º Semester
2017/ago,2017-08-01 00:00:00,August,3º Trimestre,3º Quarter,2º Semestre,2º Semester
2017/ago,2017-08-02 00:00:00,August,3º Trimestre,3º Quarter,2º Semestre,2º Semester
2017/ago,2017-08-03 00:00:00,August,3º Trimestre,3º Quarter,2º Semestre,2º Semester
2017/ago,2017-08-04 00:00:00,August,3º Trimestre,3º Quarter,2º Semestre,2º Semester
2017/ago,2017-08-05 00:00:00,August,3º Trimestre,3º Quarter,2º Semestre,2º Semester
2017/ago,2017-08-06 00:00:00,August,3º Trimestre,3º Quarter,2º Semestre,2º Semester
2017/ago,2017-08-07 00:00:00,August,3º Trimestre,3º Quarter,2º Semestre,2º Semester
2017/ago,2017-08-08 00:00:00,August,3º Trimestre,3º Quarter,2º Semestre,2º Semester
2017/ago,2017-08-09 00:00:00,August,3º Trimestre,3º Quarter,2º Semestre,2º Semester
2017/ago,2017-08-10 00:00:00,August,3º Trimestre,3º Quarter,2º Semestre,2º Semester
2017/ago,2017-08-11 00:00:00,August,3º Trimestre,3º Quarter,2º Semestre,2º Semester
2017/ago,2017-08-12 00:00:00,August,3º Trimestre,3º Quarter,2º Semestre,2º Semester
2017/ago,2017-08-13 00:00:00,August,3º Trimestre,3º Quarter,2º Semestre,2º Semester
2017/ago,2017-08-14 00:00:00,August,3º Trimestre,3º Quarter,2º Semestre,2º Semester
2017/ago,2017-08-15 00:00:00,August,3º Trimestre,3º Quarter,2º Semestre,2º Semester
2017/ago,2017-08-16 00:00:00,August,3º Trimestre,3º Quarter,2º Semestre,2º Semester
2017/ago,2017-08-17 00:00:00,August,3º Trimestre,3º Quarter,2º Semestre,2º Semester
2017/ago,2017-08-18 00:00:00,August,3º Trimestre,3º Quarter,2º Semestre,2º Semester
2017/ago,2017-08-19 00:00:00,August,3º Trimestre,3º Quarter,2º Semestre,2º Semester
2017/ago,2017-08-20 00:00:00,August,3º Trimestre,3º Quarter,2º Semestre,2º Semester
2017/ago,2017-08-21 00:00:00,August,3º Trimestre,3º Quarter,2º Semestre,2º Semester
2017/ago,2017-08-22 00:00:00,August,3º Trimestre,3º Quarter,2º Semestre,2º Semester
2017/ago,2017-08-23 00:00:00,August,3º Trimestre,3º Quarter,2º Semestre,2º Semester
2017/ago,2017-08-24 00:00:00,August,3º Trimestre,3º Quarter,2º Semestre,2º Semester
2017/ago,2017-08-25 00:00:00,August,3º Trimestre,3º Quarter,2º Semestre,2º Semester
2017/ago,2017-08-26 00:00:00,August,3º Trimestre,3º Quarter,2º Semestre,2º Semester
2017/ago,2017-08-27 00:00:00,August,3º Trimestre,3º Quarter,2º Semestre,2º Semester
2017/ago,2017-08-28 00:00:00,August,3º Trimestre,3º Quarter,2º Semestre,2º Semester
2017/ago,2017-08-29 00:00:00,August,3º Trimestre,3º Quarter,2º Semestre,2º Semester
2017/ago,2017-08-30 00:00:00,August,3º Trimestre,3º Quarter,2º Semestre,2º Semester
2017/ago,2017-08-31 00:00:00,August,3º Trimestre,3º Quarter,2º Semestre,2º Semester
2017/dez,2017-12-01 00:00:00,December,4º Trimestre,4º Quarter,2º Semestre,2º Semester
2017/dez,2017-12-02 00:00:00,December,4º Trimestre,4º Quarter,2º Semestre,2º Semester
2017/dez,2017-12-03 00:00:00,December,4º Trimestre,4º Quarter,2º Semestre,2º Semester
2017/dez,2017-12-04 00:00:00,December,4º Trimestre,4º Quarter,2º Semestre,2º Semester
2017/dez,2017-12-05 00:00:00,December,4º Trimestre,4º Quarter,2º Semestre,2º Semester
2017/dez,2017-12-06 00:00:00,December,4º Trimestre,4º Quarter,2º Semestre,2º Semester
2017/dez,2017-12-07 00:00:00,December,4º Trimestre,4º Quarter,2º Semestre,2º Semester
2017/dez,2017-12-08 00:00:00,December,4º Trimestre,4º Quarter,2º Semestre,2º Semester
2017/dez,2017-12-09 00:00:00,December,4º Trimestre,4º Quarter,2º Semestre,2º Semester
2017/dez,2017-12-10 00:00:00,December,4º Trimestre,4º Quarter,2º Semestre,2º Semester
2017/dez,2017-12-11 00:00:00,December,4º Trimestre,4º Quarter,2º Semestre,2º Semester
2017/dez,2017-12-12 00:00:00,December,4º Trimestre,4º Quarter,2º Semestre,2º Semester
2017/dez,2017-12-13 00:00:00,December,4º Trimestre,4º Quarter,2º Semestre,2º Semester
2017/dez,2017-12-14 00:00:00,December,4º Trimestre,4º Quarter,2º Semestre,2º Semester
2017/dez,2017-12-15 00:00:00,December,4º Trimestre,4º Quarter,2º Semestre,2º Semester
2017/dez,2017-12-16 00:00:00,December,4º Trimestre,4º Quarter,2º Semestre,2º Semester
2017/dez,2017-12-17 00:00:00,December,4º Trimestre,4º Quarter,2º Semestre,2º Semester
2017/dez,2017-12-18 00:00:00,December,4º Trimestre,4º Quarter,2º Semestre,2º Semester
2017/dez,2017-12-19 00:00:00,December,4º Trimestre,4º Quarter,2º Semestre,2º Semester
2017/dez,2017-12-20 00:00:00,December,4º Trimestre,4º Quarter,2º Semestre,2º Semester
2017/dez,2017-12-21 00:00:00,December,4º Trimestre,4º Quarter,2º Semestre,2º Semester
2017/dez,2017-12-22 00:00:00,December,4º Trimestre,4º Quarter,2º Semestre,2º Semester
2017/dez,2017-12-23 00:00:00,December,4º Trimestre,4º Quarter,2º Semestre,2º Semester
2017/dez,2017-12-24 00:00:00,December,4º Trimestre,4º Quarter,2º Semestre,2º Semester
2017/dez,2017-12-25 00:00:00,December,4º Trimestre,4º Quarter,2º Semestre,2º Semester
2017/dez,2017-12-26 00:00:00,December,4º Trimestre,4º Quarter,2º Semestre,2º Semester
2017/dez,2017-12-27 00:00:00,December,4º Trimestre,4º Quarter,2º Semestre,2º Semester
2017/dez,2017-12-28 00:00:00,December,4º Trimestre,4º Quarter,2º Semestre,2º Semester
2017/dez,2017-12-29 00:00:00,December,4º Trimestre,4º Quarter,2º Semestre,2º Semester
2017/dez,2017-12-30 00:00:00,December,4º Trimestre,4º Quarter,2º Semestre,2º Semester
2017/dez,2017-12-31 00:00:00,December,4º Trimestre,4º Quarter,2º Semestre,2º Semester
2017/fev,2017-02-01 00:00:00,February,1º Trimestre,1º Quarter,1º Semestre,1º Semester
2017/fev,2017-02-02 00:00:00,February,1º Trimestre,1º Quarter,1º Semestre,1º Semester
2017/fev,2017-02-03 00:00:00,February,1º Trimestre,1º Quarter,1º Semestre,1º Semester
2017/fev,2017-02-04 00:00:00,February,1º Trimestre,1º Quarter,1º Semestre,1º Semester
2017/fev,2017-02-05 00:00:00,February,1º Trimestre,1º Quarter,1º Semestre,1º Semester
2017/fev,2017-02-06 00:00:00,February,1º Trimestre,1º Quarter,1º Semestre,1º Semester
2017/fev,2017-02-07 00:00:00,February,1º Trimestre,1º Quarter,1º Semestre,1º Semester
2017/fev,2017-02-08 00:00:00,February,1º Trimestre,1º Quarter,1º Semestre,1º Semester
2017/fev,2017-02-09 00:00:00,February,1º Trimestre,1º Quarter,1º Semestre,1º Semester
2017/fev,2017-02-10 00:00:00,February,1º Trimestre,1º Quarter,1º Semestre,1º Semester
2017/fev,2017-02-11 00:00:00,February,1º Trimestre,1º Quarter,1º Semestre,1º Semester
2017/fev,2017-02-12 00:00:00,February,1º Trimestre,1º Quarter,1º Semestre,1º Semester
2017/fev,2017-02-13 00:00:00,February,1º Trimestre,1º Quarter,1º Semestre,1º Semester
2017/fev,2017-02-14 00:00:00,February,1º Trimestre,1º Quarter,1º Semestre,1º Semester
2017/fev,2017-02-15 00:00:00,February,1º Trimestre,1º Quarter,1º Semestre,1º Semester
2017/fev,2017-02-16 00:00:00,February,1º Trimestre,1º Quarter,1º Semestre,1º Semester
2017/fev,2017-02-17 00:00:00,February,1º Trimestre,1º Quarter,1º Semestre,1º Semester
2017/fev,2017-02-18 00:00:00,February,1º Trimestre,1º Quarter,1º Semestre,1º Semester
2017/fev,2017-02-19 00:00:00,February,1º Trimestre,1º Quarter,1º Semestre,1º Semester
2017/fev,2017-02-20 00:00:00,February,1º Trimestre,1º Quarter,1º Semestre,1º Semester
2017/fev,2017-02-21 00:00:00,February,1º Trimestre,1º Quarter,1º Semestre,1º Semester
2017/fev,2017-02-22 00:00:00,February,1º Trimestre,1º Quarter,1º Semestre,1º Semester
2017/fev,2017-02-23 00:00:00,February,1º Trimestre,1º Quarter,1º Semestre,1º Semester
2017/fev,2017-02-24 00:00:00,February,1º Trimestre,1º Quarter,1º Semestre,1º Semester
2017/fev,2017-02-25 00:00:00,February,1º Trimestre,1º Quarter,1º Semestre,1º Semester
2017/fev,2017-02-26 00:00:00,February,1º Trimestre,1º Quarter,1º Semestre,1º Semester
2017/fev,2017-02-27 00:00:00,February,1º Trimestre,1º Quarter,1º Semestre,1º Semester
2017/fev,2017-02-28 00:00:00,February,1º Trimestre,1º Quarter,1º Semestre,1º Semester
2017/jan,2017-01-01 00:00:00,January,1º Trimestre,1º Quarter,1º Semestre,1º Semester
2017/jan,2017-01-02 00:00:00,January,1º Trimestre,1º Quarter,1º Semestre,1º Semester
2017/jan,2017-01-03 00:00:00,January,1º Trimestre,1º Quarter,1º Semestre,1º Semester
2017/jan,2017-01-04 00:00:00,January,1º Trimestre,1º Quarter,1º Semestre,1º Semester
2017/jan,2017-01-05 00:00:00,January,1º Trimestre,1º Quarter,1º Semestre,1º Semester
2017/jan,2017-01-06 00:00:00,January,1º Trimestre,1º Quarter,1º Semestre,1º Semester
2017/jan,2017-01-07 00:00:00,January,1º Trimestre,1º Quarter,1º Semestre,1º Semester
2017/jan,2017-01-08 00:00:00,January,1º Trimestre,1º Quarter,1º Semestre,1º Semester
2017/jan,2017-01-09 00:00:00,January,1º Trimestre,1º Quarter,1º Semestre,1º Semester
2017/jan,2017-01-10 00:00:00,January,1º Trimestre,1º Quarter,1º Semestre,1º Semester
2017/jan,2017-01-11 00:00:00,January,1º Trimestre,1º Quarter,1º Semestre,1º Semester
2017/jan,2017-01-12 00:00:00,January,1º Trimestre,1º Quarter,1º Semestre,1º Semester
2017/jan,2017-01-13 00:00:00,January,1º Trimestre,1º Quarter,1º Semestre,1º Semester
2017/jan,2017-01-14 00:00:00,January,1º Trimestre,1º Quarter,1º Semestre,1º Semester
2017/jan,2017-01-15 00:00:00,January,1º Trimestre,1º Quarter,1º Semestre,1º Semester
2017/jan,2017-01-16 00:00:00,January,1º Trimestre,1º Quarter,1º Semestre,1º Semester
2017/jan,2017-01-17 00:00:00,January,1º Trimestre,1º Quarter,1º Semestre,1º Semester
2017/jan,2017-01-18 00:00:00,January,1º Trimestre,1º Quarter,1º Semestre,1º Semester
2017/jan,2017-01-19 00:00:00,January,1º Trimestre,1º Quarter,1º Semestre,1º Semester
2017/jan,2017-01-20 00:00:00,January,1º Trimestre,1º Quarter,1º Semestre,1º Semester
2017/jan,2017-01-21 00:00:00,January,1º Trimestre,1º Quarter,1º Semestre,1º Semester
2017/jan,2017-01-22 00:00:00,January,1º Trimestre,1º Quarter,1º Semestre,1º Semester
2017/jan,2017-01-23 00:00:00,January,1º Trimestre,1º Quarter,1º Semestre,1º Semester
2017/jan,2017-01-24 00:00:00,January,1º Trimestre,1º Quarter,1º Semestre,1º Semester
2017/jan,2017-01-25 00:00:00,January,1º Trimestre,1º Quarter,1º Semestre,1º Semester
2017/jan,2017-01-26 00:00:00,January,1º Trimestre,1º Quarter,1º Semestre,1º Semester
2017/jan,2017-01-27 00:00:00,January,1º Trimestre,1º Quarter,1º Semestre,1º Semester
2017/jan,2017-01-28 00:00:00,January,1º Trimestre,1º Quarter,1º Semestre,1º Semester
2017/jan,2017-01-29 00:00:00,January,1º Trimestre,1º Quarter,1º Semestre,1º Semester
2017/jan,2017-01-30 00:00:00,January,1º Trimestre,1º Quarter,1º Semestre,1º Semester
2017/jan,2017-01-31 00:00:00,January,1º Trimestre,1º Quarter,1º Semestre,1º Semester
2017/jul,2017-07-01 00:00:00,July,3º Trimestre,3º Quarter,2º Semestre,2º Semester
2017/jul,2017-07-02 00:00:00,July,3º Trimestre,3º Quarter,2º Semestre,2º Semester
2017/jul,2017-07-03 00:00:00,July,3º Trimestre,3º Quarter,2º Semestre,2º Semester
2017/jul,2017-07-04 00:00:00,July,3º Trimestre,3º Quarter,2º Semestre,2º Semester
2017/jul,2017-07-05 00:00:00,July,3º Trimestre,3º Quarter,2º Semestre,2º Semester
2017/jul,2017-07-06 00:00:00,July,3º Trimestre,3º Quarter,2º Semestre,2º Semester
2017/jul,2017-07-07 00:00:00,July,3º Trimestre,3º Quarter,2º Semestre,2º Semester
2017/jul,2017-07-08 00:00:00,July,3º Trimestre,3º Quarter,2º Semestre,2º Semester
2017/jul,2017-07-09 00:00:00,July,3º Trimestre,3º Quarter,2º Semestre,2º Semester
2017/jul,2017-07-10 00:00:00,July,3º Trimestre,3º Quarter,2º Semestre,2º Semester
2017/jul,2017-07-11 00:00:00,July,3º Trimestre,3º Quarter,2º Semestre,2º Semester
2017/jul,2017-07-12 00:00:00,July,3º Trimestre,3º Quarter,2º Semestre,2º Semester
2017/jul,2017-07-13 00:00:00,July,3º Trimestre,3º Quarter,2º Semestre,2º Semester
2017/jul,2017-07-14 00:00:00,July,3º Trimestre,3º Quarter,2º Semestre,2º Semester
2017/jul,2017-07-15 00:00:00,July,3º Trimestre,3º Quarter,2º Semestre,2º Semester
2017/jul,2017-07-16 00:00:00,July,3º Trimestre,3º Quarter,2º Semestre,2º Semester
2017/jul,2017-07-17 00:00:00,July,3º Trimestre,3º Quarter,2º Semestre,2º Semester
2017/jul,2017-07-18 00:00:00,July,3º Trimestre,3º Quarter,2º Semestre,2º Semester
2017/jul,2017-07-19 00:00:00,July,3º Trimestre,3º Quarter,2º Semestre,2º Semester
2017/jul,2017-07-20 00:00:00,July,3º Trimestre,3º Quarter,2º Semestre,2º Semester
2017/jul,2017-07-21 00:00:00,July,3º Trimestre,3º Quarter,2º Semestre,2º Semester
2017/jul,2017-07-22 00:00:00,July,3º Trimestre,3º Quarter,2º Semestre,2º Semester
2017/jul,2017-07-23 00:00:00,July,3º Trimestre,3º Quarter,2º Semestre,2º Semester
2017/jul,2017-07-24 00:00:00,July,3º Trimestre,3º Quarter,2º Semestre,2º Semester
2017/jul,2017-07-25 00:00:00,July,3º Trimestre,3º Quarter,2º Semestre,2º Semester
2017/jul,2017-07-26 00:00:00,July,3º Trimestre,3º Quarter,2º Semestre,2º Semester
2017/jul,2017-07-27 00:00:00,July,3º Trimestre,3º Quarter,2º Semestre,2º Semester
2017/jul,2017-07-28 00:00:00,July,3º Trimestre,3º Quarter,2º Semestre,2º Semester
2017/jul,2017-07-29 00:00:00,July,3º Trimestre,3º Quarter,2º Semestre,2º Semester
2017/jul,2017-07-30 00:00:00,July,3º Trimestre,3º Quarter,2º Semestre,2º Semester
2017/jul,2017-07-31 00:00:00,July,3º Trimestre,3º Quarter,2º Semestre,2º Semester
2017/jun,2017-06-01 00:00:00,June,2º Trimestre,2º Quarter,1º Semestre,1º Semester
2017/jun,2017-06-02 00:00:00,June,2º Trimestre,2º Quarter,1º Semestre,1º Semester
2017/jun,2017-06-03 00:00:00,June,2º Trimestre,2º Quarter,1º Semestre,1º Semester
2017/jun,2017-06-04 00:00:00,June,2º Trimestre,2º Quarter,1º Semestre,1º Semester
2017/jun,2017-06-05 00:00:00,June,2º Trimestre,2º Quarter,1º Semestre,1º Semester
2017/jun,2017-06-06 00:00:00,June,2º Trimestre,2º Quarter,1º Semestre,1º Semester
2017/jun,2017-06-07 00:00:00,June,2º Trimestre,2º Quarter,1º Semestre,1º Semester
2017/jun,2017-06-08 00:00:00,June,2º Trimestre,2º Quarter,1º Semestre,1º Semester
2017/jun,2017-06-09 00:00:00,June,2º Trimestre,2º Quarter,1º Semestre,1º Semester
2017/jun,2017-06-10 00:00:00,June,2º Trimestre,2º Quarter,1º Semestre,1º Semester
2017/jun,2017-06-11 00:00:00,June,2º Trimestre,2º Quarter,1º Semestre,1º Semester
2017/jun,2017-06-12 00:00:00,June,2º Trimestre,2º Quarter,1º Semestre,1º Semester
2017/jun,2017-06-13 00:00:00,June,2º Trimestre,2º Quarter,1º Semestre,1º Semester
2017/jun,2017-06-14 00:00:00,June,2º Trimestre,2º Quarter,1º Semestre,1º Semester
2017/jun,2017-06-15 00:00:00,June,2º Trimestre,2º Quarter,1º Semestre,1º Semester
2017/jun,2017-06-16 00:00:00,June,2º Trimestre,2º Quarter,1º Semestre,1º Semester
2017/jun,2017-06-17 00:00:00,June,2º Trimestre,2º Quarter,1º Semestre,1º Semester
2017/jun,2017-06-18 00:00:00,June,2º Trimestre,2º Quarter,1º Semestre,1º Semester
2017/jun,2017-06-19 00:00:00,June,2º Trimestre,2º Quarter,1º Semestre,1º Semester
2017/jun,2017-06-20 00:00:00,June,2º Trimestre,2º Quarter,1º Semestre,1º Semester
2017/jun,2017-06-21 00:00:00,June,2º Trimestre,2º Quarter,1º Semestre,1º Semester
2017/jun,2017-06-22 00:00:00,June,2º Trimestre,2º Quarter,1º Semestre,1º Semester
2017/jun,2017-06-23 00:00:00,June,2º Trimestre,2º Quarter,1º Semestre,1º Semester
2017/jun,2017-06-24 00:00:00,June,2º Trimestre,2º Quarter,1º Semestre,1º Semester
2017/jun,2017-06-25 00:00:00,June,2º Trimestre,2º Quarter,1º Semestre,1º Semester
2017/jun,2017-06-26 00:00:00,June,2º Trimestre,2º Quarter,1º Semestre,1º Semester
2017/jun,2017-06-27 00:00:00,June,2º Trimestre,2º Quarter,1º Semestre,1º Semester
2017/jun,2017-06-28 00:00:00,June,2º Trimestre,2º Quarter,1º Semestre,1º Semester
2017/jun,2017-06-29 00:00:00,June,2º Trimestre,2º Quarter,1º Semestre,1º Semester
2017/jun,2017-06-30 00:00:00,June,2º Trimestre,2º Quarter,1º Semestre,1º Semester
2017/mai,2017-05-01 00:00:00,May,2º Trimestre,2º Quarter,1º Semestre,1º Semester
2017/mai,2017-05-02 00:00:00,May,2º Trimestre,2º Quarter,1º Semestre,1º Semester
2017/mai,2017-05-03 00:00:00,May,2º Trimestre,2º Quarter,1º Semestre,1º Semester
2017/mai,2017-05-04 00:00:00,May,2º Trimestre,2º Quarter,1º Semestre,1º Semester
2017/mai,2017-05-05 00:00:00,May,2º Trimestre,2º Quarter,1º Semestre,1º Semester
2017/mai,2017-05-06 00:00:00,May,2º Trimestre,2º Quarter,1º Semestre,1º Semester
2017/mai,2017-05-07 00:00:00,May,2º Trimestre,2º Quarter,1º Semestre,1º Semester
2017/mai,2017-05-08 00:00:00,May,2º Trimestre,2º Quarter,1º Semestre,1º Semester
2017/mai,2017-05-09 00:00:00,May,2º Trimestre,2º Quarter,1º Semestre,1º Semester
2017/mai,2017-05-10 00:00:00,May,2º Trimestre,2º Quarter,1º Semestre,1º Semester
2017/mai,2017-05-11 00:00:00,May,2º Trimestre,2º Quarter,1º Semestre,1º Semester
2017/mai,2017-05-12 00:00:00,May,2º Trimestre,2º Quarter,1º Semestre,1º Semester
2017/mai,2017-05-13 00:00:00,May,2º Trimestre,2º Quarter,1º Semestre,1º Semester
2017/mai,2017-05-14 00:00:00,May,2º Trimestre,2º Quarter,1º Semestre,1º Semester
2017/mai,2017-05-15 00:00:00,May,2º Trimestre,2º Quarter,1º Semestre,1º Semester
2017/mai,2017-05-16 00:00:00,May,2º Trimestre,2º Quarter,1º Semestre,1º Semester
2017/mai,2017-05-17 00:00:00,May,2º Trimestre,2º Quarter,1º Semestre,1º Semester
2017/mai,2017-05-18 00:00:00,May,2º Trimestre,2º Quarter,1º Semestre,1º Semester
2017/mai,2017-05-19 00:00:00,May,2º Trimestre,2º Quarter,1º Semestre,1º Semester
2017/mai,2017-05-20 00:00:00,May,2º Trimestre,2º Quarter,1º Semestre,1º Semester
2017/mai,2017-05-21 00:00:00,May,2º Trimestre,2º Quarter,1º Semestre,1º Semester
2017/mai,2017-05-22 00:00:00,May,2º Trimestre,2º Quarter,1º Semestre,1º Semester
2017/mai,2017-05-23 00:00:00,May,2º Trimestre,2º Quarter,1º Semestre,1º Semester
2017/mai,2017-05-24 00:00:00,May,2º Trimestre,2º Quarter,1º Semestre,1º Semester
2017/mai,2017-05-25 00:00:00,May,2º Trimestre,2º Quarter,1º Semestre,1º Semester
2017/mai,2017-05-26 00:00:00,May,2º Trimestre,2º Quarter,1º Semestre,1º Semester
2017/mai,2017-05-27 00:00:00,May,2º Trimestre,2º Quarter,1º Semestre,1º Semester
2017/mai,2017-05-28 00:00:00,May,2º Trimestre,2º Quarter,1º Semestre,1º Semester
2017/mai,2017-05-29 00:00:00,May,2º Trimestre,2º Quarter,1º Semestre,1º Semester
2017/mai,2017-05-30 00:00:00,May,2º Trimestre,2º Quarter,1º Semestre,1º Semester
2017/mai,2017-05-31 00:00:00,May,2º Trimestre,2º Quarter,1º Semestre,1º Semester
2017/mar,2017-03-01 00:00:00,March,1º Trimestre,1º Quarter,1º Semestre,1º Semester
2017/mar,2017-03-02 00:00:00,March,1º Trimestre,1º Quarter,1º Semestre,1º Semester
2017/mar,2017-03-03 00:00:00,March,1º Trimestre,1º Quarter,1º Semestre,1º Semester
2017/mar,2017-03-04 00:00:00,March,1º Trimestre,1º Quarter,1º Semestre,1º Semester
2017/mar,2017-03-05 00:00:00,March,1º Trimestre,1º Quarter,1º Semestre,1º Semester
2017/mar,2017-03-06 00:00:00,March,1º Trimestre,1º Quarter,1º Semestre,1º Semester
2017/mar,2017-03-07 00:00:00,March,1º Trimestre,1º Quarter,1º Semestre,1º Semester
2017/mar,2017-03-08 00:00:00,March,1º Trimestre,1º Quarter,1º Semestre,1º Semester
2017/mar,2017-03-09 00:00:00,March,1º Trimestre,1º Quarter,1º Semestre,1º Semester
2017/mar,2017-03-10 00:00:00,March,1º Trimestre,1º Quarter,1º Semestre,1º Semester
2017/mar,2017-03-11 00:00:00,March,1º Trimestre,1º Quarter,1º Semestre,1º Semester
2017/mar,2017-03-12 00:00:00,March,1º Trimestre,1º Quarter,1º Semestre,1º Semester
2017/mar,2017-03-13 00:00:00,March,1º Trimestre,1º Quarter,1º Semestre,1º Semester
2017/mar,2017-03-14 00:00:00,March,1º Trimestre,1º Quarter,1º Semestre,1º Semester
2017/mar,2017-03-15 00:00:00,March,1º Trimestre,1º Quarter,1º Semestre,1º Semester
2017/mar,2017-03-16 00:00:00,March,1º Trimestre,1º Quarter,1º Semestre,1º Semester
2017/mar,2017-03-17 00:00:00,March,1º Trimestre,1º Quarter,1º Semestre,1º Semester
2017/mar,2017-03-18 00:00:00,March,1º Trimestre,1º Quarter,1º Semestre,1º Semester
2017/mar,2017-03-19 00:00:00,March,1º Trimestre,1º Quarter,1º Semestre,1º Semester
2017/mar,2017-03-20 00:00:00,March,1º Trimestre,1º Quarter,1º Semestre,1º Semester
2017/mar,2017-03-21 00:00:00,March,1º Trimestre,1º Quarter,1º Semestre,1º Semester
2017/mar,2017-03-22 00:00:00,March,1º Trimestre,1º Quarter,1º Semestre,1º Semester
2017/mar,2017-03-23 00:00:00,March,1º Trimestre,1º Quarter,1º Semestre,1º Semester
2017/mar,2017-03-24 00:00:00,March,1º Trimestre,1º Quarter,1º Semestre,1º Semester
2017/mar,2017-03-25 00:00:00,March,1º Trimestre,1º Quarter,1º Semestre,1º Semester
2017/mar,2017-03-26 00:00:00,March,1º Trimestre,1º Quarter,1º Semestre,1º Semester
2017/mar,2017-03-27 00:00:00,March,1º Trimestre,1º Quarter,1º Semestre,1º Semester
2017/mar,2017-03-28 00:00:00,March,1º Trimestre,1º Quarter,1º Semestre,1º Semester
2017/mar,2017-03-29 00:00:00,March,1º Trimestre,1º Quarter,1º Semestre,1º Semester
2017/mar,2017-03-30 00:00:00,March,1º Trimestre,1º Quarter,1º Semestre,1º Semester
2017/mar,2017-03-31 00:00:00,March,1º Trimestre,1º Quarter,1º Semestre,1º Semester
2017/nov,2017-11-01 00:00:00,November,4º Trimestre,4º Quarter,2º Semestre,2º Semester
2017/nov,2017-11-02 00:00:00,November,4º Trimestre,4º Quarter,2º Semestre,2º Semester
2017/nov,2017-11-03 00:00:00,November,4º Trimestre,4º Quarter,2º Semestre,2º Semester
2017/nov,2017-11-04 00:00:00,November,4º Trimestre,4º Quarter,2º Semestre,2º Semester
2017/nov,2017-11-05 00:00:00,November,4º Trimestre,4º Quarter,2º Semestre,2º Semester
2017/nov,2017-11-06 00:00:00,November,4º Trimestre,4º Quarter,2º Semestre,2º Semester
2017/nov,2017-11-07 00:00:00,November,4º Trimestre,4º Quarter,2º Semestre,2º Semester
2017/nov,2017-11-08 00:00:00,November,4º Trimestre,4º Quarter,2º Semestre,2º Semester
2017/nov,2017-11-09 00:00:00,November,4º Trimestre,4º Quarter,2º Semestre,2º Semester
2017/nov,2017-11-10 00:00:00,November,4º Trimestre,4º Quarter,2º Semestre,2º Semester
2017/nov,2017-11-11 00:00:00,November,4º Trimestre,4º Quarter,2º Semestre,2º Semester
2017/nov,2017-11-12 00:00:00,November,4º Trimestre,4º Quarter,2º Semestre,2º Semester
2017/nov,2017-11-13 00:00:00,November,4º Trimestre,4º Quarter,2º Semestre,2º Semester
2017/nov,2017-11-14 00:00:00,November,4º Trimestre,4º Quarter,2º Semestre,2º Semester
2017/nov,2017-11-15 00:00:00,November,4º Trimestre,4º Quarter,2º Semestre,2º Semester
2017/nov,2017-11-16 00:00:00,November,4º Trimestre,4º Quarter,2º Semestre,2º Semester
2017/nov,2017-11-17 00:00:00,November,4º Trimestre,4º Quarter,2º Semestre,2º Semester
2017/nov,2017-11-18 00:00:00,November,4º Trimestre,4º Quarter,2º Semestre,2º Semester
2017/nov,2017-11-19 00:00:00,November,4º Trimestre,4º Quarter,2º Semestre,2º Semester
2017/nov,2017-11-20 00:00:00,November,4º Trimestre,4º Quarter,2º Semestre,2º Semester
2017/nov,2017-11-21 00:00:00,November,4º Trimestre,4º Quarter,2º Semestre,2º Semester
2017/nov,2017-11-22 00:00:00,November,4º Trimestre,4º Quarter,2º Semestre,2º Semester
2017/nov,2017-11-23 00:00:00,November,4º Trimestre,4º Quarter,2º Semestre,2º Semester
2017/nov,2017-11-24 00:00:00,November,4º Trimestre,4º Quarter,2º Semestre,2º Semester
2017/nov,2017-11-25 00:00:00,November,4º Trimestre,4º Quarter,2º Semestre,2º Semester
2017/nov,2017-11-26 00:00:00,November,4º Trimestre,4º Quarter,2º Semestre,2º Semester
2017/nov,2017-11-27 00:00:00,November,4º Trimestre,4º Quarter,2º Semestre,2º Semester
2017/nov,2017-11-28 00:00:00,November,4º Trimestre,4º Quarter,2º Semestre,2º Semester
2017/nov,2017-11-29 00:00:00,November,4º Trimestre,4º Quarter,2º Semestre,2º Semester
2017/nov,2017-11-30 00:00:00,November,4º Trimestre,4º Quarter,2º Semestre,2º Semester
2017/out,2017-10-01 00:00:00,October,4º Trimestre,4º Quarter,2º Semestre,2º Semester
2017/out,2017-10-02 00:00:00,October,4º Trimestre,4º Quarter,2º Semestre,2º Semester
2017/out,2017-10-03 00:00:00,October,4º Trimestre,4º Quarter,2º Semestre,2º Semester
2017/out,2017-10-04 00:00:00,October,4º Trimestre,4º Quarter,2º Semestre,2º Semester
2017/out,2017-10-05 00:00:00,October,4º Trimestre,4º Quarter,2º Semestre,2º Semester
2017/out,2017-10-06 00:00:00,October,4º Trimestre,4º Quarter,2º Semestre,2º Semester
2017/out,2017-10-07 00:00:00,October,4º Trimestre,4º Quarter,2º Semestre,2º Semester
2017/out,2017-10-08 00:00:00,October,4º Trimestre,4º Quarter,2º Semestre,2º Semester
2017/out,2017-10-09 00:00:00,October,4º Trimestre,4º Quarter,2º Semestre,2º Semester
2017/out,2017-10-10 00:00:00,October,4º Trimestre,4º Quarter,2º Semestre,2º Semester
2017/out,2017-10-11 00:00:00,October,4º Trimestre,4º Quarter,2º Semestre,2º Semester
2017/out,2017-10-12 00:00:00,October,4º Trimestre,4º Quarter,2º Semestre,2º Semester
2017/out,2017-10-13 00:00:00,October,4º Trimestre,4º Quarter,2º Semestre,2º Semester
2017/out,2017-10-14 00:00:00,October,4º Trimestre,4º Quarter,2º Semestre,2º Semester
2017/out,2017-10-15 00:00:00,October,4º Trimestre,4º Quarter,2º Semestre,2º Semester
2017/out,2017-10-16 00:00:00,October,4º Trimestre,4º Quarter,2º Semestre,2º Semester
2017/out,2017-10-17 00:00:00,October,4º Trimestre,4º Quarter,2º Semestre,2º Semester
2017/out,2017-10-18 00:00:00,October,4º Trimestre,4º Quarter,2º Semestre,2º Semester
2017/out,2017-10-19 00:00:00,October,4º Trimestre,4º Quarter,2º Semestre,2º Semester
2017/out,2017-10-20 00:00:00,October,4º Trimestre,4º Quarter,2º Semestre,2º Semester
2017/out,2017-10-21 00:00:00,October,4º Trimestre,4º Quarter,2º Semestre,2º Semester
2017/out,2017-10-22 00:00:00,October,4º Trimestre,4º Quarter,2º Semestre,2º Semester
2017/out,2017-10-23 00:00:00,October,4º Trimestre,4º Quarter,2º Semestre,2º Semester
2017/out,2017-10-24 00:00:00,October,4º Trimestre,4º Quarter,2º Semestre,2º Semester
2017/out,2017-10-25 00:00:00,October,4º Trimestre,4º Quarter,2º Semestre,2º Semester
2017/out,2017-10-26 00:00:00,October,4º Trimestre,4º Quarter,2º Semestre,2º Semester
2017/out,2017-10-27 00:00:00,October,4º Trimestre,4º Quarter,2º Semestre,2º Semester
2017/out,2017-10-28 00:00:00,October,4º Trimestre,4º Quarter,2º Semestre,2º Semester
2017/out,2017-10-29 00:00:00,October,4º Trimestre,4º Quarter,2º Semestre,2º Semester
2017/out,2017-10-30 00:00:00,October,4º Trimestre,4º Quarter,2º Semestre,2º Semester
2017/out,2017-10-31 00:00:00,October,4º Trimestre,4º Quarter,2º Semestre,2º Semester
2017/set,2017-09-01 00:00:00,September,3º Trimestre,3º Quarter,2º Semestre,2º Semester
2017/set,2017-09-02 00:00:00,September,3º Trimestre,3º Quarter,2º Semestre,2º Semester
2017/set,2017-09-03 00:00:00,September,3º Trimestre,3º Quarter,2º Semestre,2º Semester
2017/set,2017-09-04 00:00:00,September,3º Trimestre,3º Quarter,2º Semestre,2º Semester
2017/set,2017-09-05 00:00:00,September,3º Trimestre,3º Quarter,2º Semestre,2º Semester
2017/set,2017-09-06 00:00:00,September,3º Trimestre,3º Quarter,2º Semestre,2º Semester
2017/set,2017-09-07 00:00:00,September,3º Trimestre,3º Quarter,2º Semestre,2º Semester
2017/set,2017-09-08 00:00:00,September,3º Trimestre,3º Quarter,2º Semestre,2º Semester
2017/set,2017-09-09 00:00:00,September,3º Trimestre,3º Quarter,2º Semestre,2º Semester
2017/set,2017-09-10 00:00:00,September,3º Trimestre,3º Quarter,2º Semestre,2º Semester
2017/set,2017-09-11 00:00:00,September,3º Trimestre,3º Quarter,2º Semestre,2º Semester
2017/set,2017-09-12 00:00:00,September,3º Trimestre,3º Quarter,2º Semestre,2º Semester
2017/set,2017-09-13 00:00:00,September,3º Trimestre,3º Quarter,2º Semestre,2º Semester
2017/set,2017-09-14 00:00:00,September,3º Trimestre,3º Quarter,2º Semestre,2º Semester
2017/set,2017-09-15 00:00:00,September,3º Trimestre,3º Quarter,2º Semestre,2º Semester
2017/set,2017-09-16 00:00:00,September,3º Trimestre,3º Quarter,2º Semestre,2º Semester
2017/set,2017-09-17 00:00:00,September,3º Trimestre,3º Quarter,2º Semestre,2º Semester
2017/set,2017-09-18 00:00:00,September,3º Trimestre,3º Quarter,2º Semestre,2º Semester
2017/set,2017-09-19 00:00:00,September,3º Trimestre,3º Quarter,2º Semestre,2º Semester
2017/set,2017-09-20 00:00:00,September,3º Trimestre,3º Quarter,2º Semestre,2º Semester
2017/set,2017-09-21 00:00:00,September,3º Trimestre,3º Quarter,2º Semestre,2º Semester
2017/set,2017-09-22 00:00:00,September,3º Trimestre,3º Quarter,2º Semestre,2º Semester
2017/set,2017-09-23 00:00:00,September,3º Trimestre,3º Quarter,2º Semestre,2º Semester
2017/set,2017-09-24 00:00:00,September,3º Trimestre,3º Quarter,2º Semestre,2º Semester
2017/set,2017-09-25 00:00:00,September,3º Trimestre,3º Quarter,2º Semestre,2º Semester
2017/set,2017-09-26 00:00:00,September,3º Trimestre,3º Quarter,2º Semestre,2º Semester
2017/set,2017-09-27 00:00:00,September,3º Trimestre,3º Quarter,2º Semestre,2º Semester
2017/set,2017-09-28 00:00:00,September,3º Trimestre,3º Quarter,2º Semestre,2º Semester
2017/set,2017-09-29 00:00:00,September,3º Trimestre,3º Quarter,2º Semestre,2º Semester
2017/set,2017-09-30 00:00:00,September,3º Trimestre,3º Quarter,2º Semestre,2º Semester
2018/abr,2018-04-01 00:00:00,April,2º Trimestre,2º Quarter,1º Semestre,1º Semester
2018/abr,2018-04-02 00:00:00,April,2º Trimestre,2º Quarter,1º Semestre,1º Semester
2018/abr,2018-04-03 00:00:00,April,2º Trimestre,2º Quarter,1º Semestre,1º Semester
2018/abr,2018-04-04 00:00:00,April,2º Trimestre,2º Quarter,1º Semestre,1º Semester
2018/abr,2018-04-05 00:00:00,April,2º Trimestre,2º Quarter,1º Semestre,1º Semester
2018/abr,2018-04-06 00:00:00,April,2º Trimestre,2º Quarter,1º Semestre,1º Semester
2018/abr,2018-04-07 00:00:00,April,2º Trimestre,2º Quarter,1º Semestre,1º Semester
2018/abr,2018-04-08 00:00:00,April,2º Trimestre,2º Quarter,1º Semestre,1º Semester
2018/abr,2018-04-09 00:00:00,April,2º Trimestre,2º Quarter,1º Semestre,1º Semester
2018/abr,2018-04-10 00:00:00,April,2º Trimestre,2º Quarter,1º Semestre,1º Semester
2018/abr,2018-04-11 00:00:00,April,2º Trimestre,2º Quarter,1º Semestre,1º Semester
2018/abr,2018-04-12 00:00:00,April,2º Trimestre,2º Quarter,1º Semestre,1º Semester
2018/abr,2018-04-13 00:00:00,April,2º Trimestre,2º Quarter,1º Semestre,1º Semester
2018/abr,2018-04-14 00:00:00,April,2º Trimestre,2º Quarter,1º Semestre,1º Semester
2018/abr,2018-04-15 00:00:00,April,2º Trimestre,2º Quarter,1º Semestre,1º Semester
2018/abr,2018-04-16 00:00:00,April,2º Trimestre,2º Quarter,1º Semestre,1º Semester
2018/abr,2018-04-17 00:00:00,April,2º Trimestre,2º Quarter,1º Semestre,1º Semester
2018/abr,2018-04-18 00:00:00,April,2º Trimestre,2º Quarter,1º Semestre,1º Semester
2018/abr,2018-04-19 00:00:00,April,2º Trimestre,2º Quarter,1º Semestre,1º Semester
2018/abr,2018-04-20 00:00:00,April,2º Trimestre,2º Quarter,1º Semestre,1º Semester
2018/abr,2018-04-21 00:00:00,April,2º Trimestre,2º Quarter,1º Semestre,1º Semester
2018/abr,2018-04-22 00:00:00,April,2º Trimestre,2º Quarter,1º Semestre,1º Semester
2018/abr,2018-04-23 00:00:00,April,2º Trimestre,2º Quarter,1º Semestre,1º Semester
2018/abr,2018-04-24 00:00:00,April,2º Trimestre,2º Quarter,1º Semestre,1º Semester
2018/abr,2018-04-25 00:00:00,April,2º Trimestre,2º Quarter,1º Semestre,1º Semester
2018/abr,2018-04-26 00:00:00,April,2º Trimestre,2º Quarter,1º Semestre,1º Semester
2018/abr,2018-04-27 00:00:00,April,2º Trimestre,2º Quarter,1º Semestre,1º Semester
2018/abr,2018-04-28 00:00:00,April,2º Trimestre,2º Quarter,1º Semestre,1º Semester
2018/abr,2018-04-29 00:00:00,April,2º Trimestre,2º Quarter,1º Semestre,1º Semester
2018/abr,2018-04-30 00:00:00,April,2º Trimestre,2º Quarter,1º Semestre,1º Semester
2018/ago,2018-08-01 00:00:00,August,3º Trimestre,3º Quarter,2º Semestre,2º Semester
2018/ago,2018-08-02 00:00:00,August,3º Trimestre,3º Quarter,2º Semestre,2º Semester
2018/ago,2018-08-03 00:00:00,August,3º Trimestre,3º Quarter,2º Semestre,2º Semester
2018/ago,2018-08-04 00:00:00,August,3º Trimestre,3º Quarter,2º Semestre,2º Semester
2018/ago,2018-08-05 00:00:00,August,3º Trimestre,3º Quarter,2º Semestre,2º Semester
2018/ago,2018-08-06 00:00:00,August,3º Trimestre,3º Quarter,2º Semestre,2º Semester
2018/ago,2018-08-07 00:00:00,August,3º Trimestre,3º Quarter,2º Semestre,2º Semester
2018/ago,2018-08-08 00:00:00,August,3º Trimestre,3º Quarter,2º Semestre,2º Semester
2018/ago,2018-08-09 00:00:00,August,3º Trimestre,3º Quarter,2º Semestre,2º Semester
2018/ago,2018-08-10 00:00:00,August,3º Trimestre,3º Quarter,2º Semestre,2º Semester
2018/ago,2018-08-11 00:00:00,August,3º Trimestre,3º Quarter,2º Semestre,2º Semester
2018/ago,2018-08-12 00:00:00,August,3º Trimestre,3º Quarter,2º Semestre,2º Semester
2018/ago,2018-08-13 00:00:00,August,3º Trimestre,3º Quarter,2º Semestre,2º Semester
2018/ago,2018-08-14 00:00:00,August,3º Trimestre,3º Quarter,2º Semestre,2º Semester
2018/ago,2018-08-15 00:00:00,August,3º Trimestre,3º Quarter,2º Semestre,2º Semester
2018/ago,2018-08-16 00:00:00,August,3º Trimestre,3º Quarter,2º Semestre,2º Semester
2018/ago,2018-08-17 00:00:00,August,3º Trimestre,3º Quarter,2º Semestre,2º Semester
2018/ago,2018-08-18 00:00:00,August,3º Trimestre,3º Quarter,2º Semestre,2º Semester
2018/ago,2018-08-19 00:00:00,August,3º Trimestre,3º Quarter,2º Semestre,2º Semester
2018/ago,2018-08-20 00:00:00,August,3º Trimestre,3º Quarter,2º Semestre,2º Semester
2018/ago,2018-08-21 00:00:00,August,3º Trimestre,3º Quarter,2º Semestre,2º Semester
2018/ago,2018-08-22 00:00:00,August,3º Trimestre,3º Quarter,2º Semestre,2º Semester
2018/ago,2018-08-23 00:00:00,August,3º Trimestre,3º Quarter,2º Semestre,2º Semester
2018/ago,2018-08-24 00:00:00,August,3º Trimestre,3º Quarter,2º Semestre,2º Semester
2018/ago,2018-08-25 00:00:00,August,3º Trimestre,3º Quarter,2º Semestre,2º Semester
2018/ago,2018-08-26 00:00:00,August,3º Trimestre,3º Quarter,2º Semestre,2º Semester
2018/ago,2018-08-27 00:00:00,August,3º Trimestre,3º Quarter,2º Semestre,2º Semester
2018/ago,2018-08-28 00:00:00,August,3º Trimestre,3º Quarter,2º Semestre,2º Semester
2018/ago,2018-08-29 00:00:00,August,3º Trimestre,3º Quarter,2º Semestre,2º Semester
2018/ago,2018-08-30 00:00:00,August,3º Trimestre,3º Quarter,2º Semestre,2º Semester
2018/ago,2018-08-31 00:00:00,August,3º Trimestre,3º Quarter,2º Semestre,2º Semester
2018/dez,2018-12-01 00:00:00,December,4º Trimestre,4º Quarter,2º Semestre,2º Semester
2018/dez,2018-12-02 00:00:00,December,4º Trimestre,4º Quarter,2º Semestre,2º Semester
2018/dez,2018-12-03 00:00:00,December,4º Trimestre,4º Quarter,2º Semestre,2º Semester
2018/dez,2018-12-04 00:00:00,December,4º Trimestre,4º Quarter,2º Semestre,2º Semester
2018/dez,2018-12-05 00:00:00,December,4º Trimestre,4º Quarter,2º Semestre,2º Semester
2018/dez,2018-12-06 00:00:00,December,4º Trimestre,4º Quarter,2º Semestre,2º Semester
2018/dez,2018-12-07 00:00:00,December,4º Trimestre,4º Quarter,2º Semestre,2º Semester
2018/dez,2018-12-08 00:00:00,December,4º Trimestre,4º Quarter,2º Semestre,2º Semester
2018/dez,2018-12-09 00:00:00,December,4º Trimestre,4º Quarter,2º Semestre,2º Semester
2018/dez,2018-12-10 00:00:00,December,4º Trimestre,4º Quarter,2º Semestre,2º Semester
2018/dez,2018-12-11 00:00:00,December,4º Trimestre,4º Quarter,2º Semestre,2º Semester
2018/dez,2018-12-12 00:00:00,December,4º Trimestre,4º Quarter,2º Semestre,2º Semester
2018/dez,2018-12-13 00:00:00,December,4º Trimestre,4º Quarter,2º Semestre,2º Semester
2018/dez,2018-12-14 00:00:00,December,4º Trimestre,4º Quarter,2º Semestre,2º Semester
2018/dez,2018-12-15 00:00:00,December,4º Trimestre,4º Quarter,2º Semestre,2º Semester
2018/dez,2018-12-16 00:00:00,December,4º Trimestre,4º Quarter,2º Semestre,2º Semester
2018/dez,2018-12-17 00:00:00,December,4º Trimestre,4º Quarter,2º Semestre,2º Semester
2018/dez,2018-12-18 00:00:00,December,4º Trimestre,4º Quarter,2º Semestre,2º Semester
2018/dez,2018-12-19 00:00:00,December,4º Trimestre,4º Quarter,2º Semestre,2º Semester
2018/dez,2018-12-20 00:00:00,December,4º Trimestre,4º Quarter,2º Semestre,2º Semester
2018/dez,2018-12-21 00:00:00,December,4º Trimestre,4º Quarter,2º Semestre,2º Semester
2018/dez,2018-12-22 00:00:00,December,4º Trimestre,4º Quarter,2º Semestre,2º Semester
2018/dez,2018-12-23 00:00:00,December,4º Trimestre,4º Quarter,2º Semestre,2º Semester
2018/dez,2018-12-24 00:00:00,December,4º Trimestre,4º Quarter,2º Semestre,2º Semester
2018/dez,2018-12-25 00:00:00,December,4º Trimestre,4º Quarter,2º Semestre,2º Semester
2018/dez,2018-12-26 00:00:00,December,4º Trimestre,4º Quarter,2º Semestre,2º Semester
2018/dez,2018-12-27 00:00:00,December,4º Trimestre,4º Quarter,2º Semestre,2º Semester
2018/dez,2018-12-28 00:00:00,December,4º Trimestre,4º Quarter,2º Semestre,2º Semester
2018/dez,2018-12-29 00:00:00,December,4º Trimestre,4º Quarter,2º Semestre,2º Semester
2018/dez,2018-12-30 00:00:00,December,4º Trimestre,4º Quarter,2º Semestre,2º Semester
2018/dez,2018-12-31 00:00:00,December,4º Trimestre,4º Quarter,2º Semestre,2º Semester
2018/fev,2018-02-01 00:00:00,February,1º Trimestre,1º Quarter,1º Semestre,1º Semester
2018/fev,2018-02-02 00:00:00,February,1º Trimestre,1º Quarter,1º Semestre,1º Semester
2018/fev,2018-02-03 00:00:00,February,1º Trimestre,1º Quarter,1º Semestre,1º Semester
2018/fev,2018-02-04 00:00:00,February,1º Trimestre,1º Quarter,1º Semestre,1º Semester
2018/fev,2018-02-05 00:00:00,February,1º Trimestre,1º Quarter,1º Semestre,1º Semester
2018/fev,2018-02-06 00:00:00,February,1º Trimestre,1º Quarter,1º Semestre,1º Semester
2018/fev,2018-02-07 00:00:00,February,1º Trimestre,1º Quarter,1º Semestre,1º Semester
2018/fev,2018-02-08 00:00:00,February,1º Trimestre,1º Quarter,1º Semestre,1º Semester
2018/fev,2018-02-09 00:00:00,February,1º Trimestre,1º Quarter,1º Semestre,1º Semester
2018/fev,2018-02-10 00:00:00,February,1º Trimestre,1º Quarter,1º Semestre,1º Semester
2018/fev,2018-02-11 00:00:00,February,1º Trimestre,1º Quarter,1º Semestre,1º Semester
2018/fev,2018-02-12 00:00:00,February,1º Trimestre,1º Quarter,1º Semestre,1º Semester
2018/fev,2018-02-13 00:00:00,February,1º Trimestre,1º Quarter,1º Semestre,1º Semester
2018/fev,2018-02-14 00:00:00,February,1º Trimestre,1º Quarter,1º Semestre,1º Semester
2018/fev,2018-02-15 00:00:00,February,1º Trimestre,1º Quarter,1º Semestre,1º Semester
2018/fev,2018-02-16 00:00:00,February,1º Trimestre,1º Quarter,1º Semestre,1º Semester
2018/fev,2018-02-17 00:00:00,February,1º Trimestre,1º Quarter,1º Semestre,1º Semester
2018/fev,2018-02-18 00:00:00,February,1º Trimestre,1º Quarter,1º Semestre,1º Semester
2018/fev,2018-02-19 00:00:00,February,1º Trimestre,1º Quarter,1º Semestre,1º Semester
2018/fev,2018-02-20 00:00:00,February,1º Trimestre,1º Quarter,1º Semestre,1º Semester
2018/fev,2018-02-21 00:00:00,February,1º Trimestre,1º Quarter,1º Semestre,1º Semester
2018/fev,2018-02-22 00:00:00,February,1º Trimestre,1º Quarter,1º Semestre,1º Semester
2018/fev,2018-02-23 00:00:00,February,1º Trimestre,1º Quarter,1º Semestre,1º Semester
2018/fev,2018-02-24 00:00:00,February,1º Trimestre,1º Quarter,1º Semestre,1º Semester
2018/fev,2018-02-25 00:00:00,February,1º Trimestre,1º Quarter,1º Semestre,1º Semester
2018/fev,2018-02-26 00:00:00,February,1º Trimestre,1º Quarter,1º Semestre,1º Semester
2018/fev,2018-02-27 00:00:00,February,1º Trimestre,1º Quarter,1º Semestre,1º Semester
2018/fev,2018-02-28 00:00:00,February,1º Trimestre,1º Quarter,1º Semestre,1º Semester
2018/jan,2018-01-01 00:00:00,January,1º Trimestre,1º Quarter,1º Semestre,1º Semester
2018/jan,2018-01-02 00:00:00,January,1º Trimestre,1º Quarter,1º Semestre,1º Semester
2018/jan,2018-01-03 00:00:00,January,1º Trimestre,1º Quarter,1º Semestre,1º Semester
2018/jan,2018-01-04 00:00:00,January,1º Trimestre,1º Quarter,1º Semestre,1º Semester
2018/jan,2018-01-05 00:00:00,January,1º Trimestre,1º Quarter,1º Semestre,1º Semester
2018/jan,2018-01-06 00:00:00,January,1º Trimestre,1º Quarter,1º Semestre,1º Semester
2018/jan,2018-01-07 00:00:00,January,1º Trimestre,1º Quarter,1º Semestre,1º Semester
2018/jan,2018-01-08 00:00:00,January,1º Trimestre,1º Quarter,1º Semestre,1º Semester
2018/jan,2018-01-09 00:00:00,January,1º Trimestre,1º Quarter,1º Semestre,1º Semester
2018/jan,2018-01-10 00:00:00,January,1º Trimestre,1º Quarter,1º Semestre,1º Semester
2018/jan,2018-01-11 00:00:00,January,1º Trimestre,1º Quarter,1º Semestre,1º Semester
2018/jan,2018-01-12 00:00:00,January,1º Trimestre,1º Quarter,1º Semestre,1º Semester
2018/jan,2018-01-13 00:00:00,January,1º Trimestre,1º Quarter,1º Semestre,1º Semester
2018/jan,2018-01-14 00:00:00,January,1º Trimestre,1º Quarter,1º Semestre,1º Semester
2018/jan,2018-01-15 00:00:00,January,1º Trimestre,1º Quarter,1º Semestre,1º Semester
2018/jan,2018-01-16 00:00:00,January,1º Trimestre,1º Quarter,1º Semestre,1º Semester
2018/jan,2018-01-17 00:00:00,January,1º Trimestre,1º Quarter,1º Semestre,1º Semester
2018/jan,2018-01-18 00:00:00,January,1º Trimestre,1º Quarter,1º Semestre,1º Semester
2018/jan,2018-01-19 00:00:00,January,1º Trimestre,1º Quarter,1º Semestre,1º Semester
2018/jan,2018-01-20 00:00:00,January,1º Trimestre,1º Quarter,1º Semestre,1º Semester
2018/jan,2018-01-21 00:00:00,January,1º Trimestre,1º Quarter,1º Semestre,1º Semester
2018/jan,2018-01-22 00:00:00,January,1º Trimestre,1º Quarter,1º Semestre,1º Semester
2018/jan,2018-01-23 00:00:00,January,1º Trimestre,1º Quarter,1º Semestre,1º Semester
2018/jan,2018-01-24 00:00:00,January,1º Trimestre,1º Quarter,1º Semestre,1º Semester
2018/jan,2018-01-25 00:00:00,January,1º Trimestre,1º Quarter,1º Semestre,1º Semester
2018/jan,2018-01-26 00:00:00,January,1º Trimestre,1º Quarter,1º Semestre,1º Semester
2018/jan,2018-01-27 00:00:00,January,1º Trimestre,1º Quarter,1º Semestre,1º Semester
2018/jan,2018-01-28 00:00:00,January,1º Trimestre,1º Quarter,1º Semestre,1º Semester
2018/jan,2018-01-29 00:00:00,January,1º Trimestre,1º Quarter,1º Semestre,1º Semester
2018/jan,2018-01-30 00:00:00,January,1º Trimestre,1º Quarter,1º Semestre,1º Semester
2018/jan,2018-01-31 00:00:00,January,1º Trimestre,1º Quarter,1º Semestre,1º Semester
2018/jul,2018-07-01 00:00:00,July,3º Trimestre,3º Quarter,2º Semestre,2º Semester
2018/jul,2018-07-02 00:00:00,July,3º Trimestre,3º Quarter,2º Semestre,2º Semester
2018/jul,2018-07-03 00:00:00,July,3º Trimestre,3º Quarter,2º Semestre,2º Semester
2018/jul,2018-07-04 00:00:00,July,3º Trimestre,3º Quarter,2º Semestre,2º Semester
2018/jul,2018-07-05 00:00:00,July,3º Trimestre,3º Quarter,2º Semestre,2º Semester
2018/jul,2018-07-06 00:00:00,July,3º Trimestre,3º Quarter,2º Semestre,2º Semester
2018/jul,2018-07-07 00:00:00,July,3º Trimestre,3º Quarter,2º Semestre,2º Semester
2018/jul,2018-07-08 00:00:00,July,3º Trimestre,3º Quarter,2º Semestre,2º Semester
2018/jul,2018-07-09 00:00:00,July,3º Trimestre,3º Quarter,2º Semestre,2º Semester
2018/jul,2018-07-10 00:00:00,July,3º Trimestre,3º Quarter,2º Semestre,2º Semester
2018/jul,2018-07-11 00:00:00,July,3º Trimestre,3º Quarter,2º Semestre,2º Semester
2018/jul,2018-07-12 00:00:00,July,3º Trimestre,3º Quarter,2º Semestre,2º Semester
2018/jul,2018-07-13 00:00:00,July,3º Trimestre,3º Quarter,2º Semestre,2º Semester
2018/jul,2018-07-14 00:00:00,July,3º Trimestre,3º Quarter,2º Semestre,2º Semester
2018/jul,2018-07-15 00:00:00,July,3º Trimestre,3º Quarter,2º Semestre,2º Semester
2018/jul,2018-07-16 00:00:00,July,3º Trimestre,3º Quarter,2º Semestre,2º Semester
2018/jul,2018-07-17 00:00:00,July,3º Trimestre,3º Quarter,2º Semestre,2º Semester
2018/jul,2018-07-18 00:00:00,July,3º Trimestre,3º Quarter,2º Semestre,2º Semester
2018/jul,2018-07-19 00:00:00,July,3º Trimestre,3º Quarter,2º Semestre,2º Semester
2018/jul,2018-07-20 00:00:00,July,3º Trimestre,3º Quarter,2º Semestre,2º Semester
2018/jul,2018-07-21 00:00:00,July,3º Trimestre,3º Quarter,2º Semestre,2º Semester
2018/jul,2018-07-22 00:00:00,July,3º Trimestre,3º Quarter,2º Semestre,2º Semester
2018/jul,2018-07-23 00:00:00,July,3º Trimestre,3º Quarter,2º Semestre,2º Semester
2018/jul,2018-07-24 00:00:00,July,3º Trimestre,3º Quarter,2º Semestre,2º Semester
2018/jul,2018-07-25 00:00:00,July,3º Trimestre,3º Quarter,2º Semestre,2º Semester
2018/jul,2018-07-26 00:00:00,July,3º Trimestre,3º Quarter,2º Semestre,2º Semester
2018/jul,2018-07-27 00:00:00,July,3º Trimestre,3º Quarter,2º Semestre,2º Semester
2018/jul,2018-07-28 00:00:00,July,3º Trimestre,3º Quarter,2º Semestre,2º Semester
2018/jul,2018-07-29 00:00:00,July,3º Trimestre,3º Quarter,2º Semestre,2º Semester
2018/jul,2018-07-30 00:00:00,July,3º Trimestre,3º Quarter,2º Semestre,2º Semester
2018/jul,2018-07-31 00:00:00,July,3º Trimestre,3º Quarter,2º Semestre,2º Semester
2018/jun,2018-06-01 00:00:00,June,2º Trimestre,2º Quarter,1º Semestre,1º Semester
2018/jun,2018-06-02 00:00:00,June,2º Trimestre,2º Quarter,1º Semestre,1º Semester
2018/jun,2018-06-03 00:00:00,June,2º Trimestre,2º Quarter,1º Semestre,1º Semester
2018/jun,2018-06-04 00:00:00,June,2º Trimestre,2º Quarter,1º Semestre,1º Semester
2018/jun,2018-06-05 00:00:00,June,2º Trimestre,2º Quarter,1º Semestre,1º Semester
2018/jun,2018-06-06 00:00:00,June,2º Trimestre,2º Quarter,1º Semestre,1º Semester
2018/jun,2018-06-07 00:00:00,June,2º Trimestre,2º Quarter,1º Semestre,1º Semester
2018/jun,2018-06-08 00:00:00,June,2º Trimestre,2º Quarter,1º Semestre,1º Semester
2018/jun,2018-06-09 00:00:00,June,2º Trimestre,2º Quarter,1º Semestre,1º Semester
2018/jun,2018-06-10 00:00:00,June,2º Trimestre,2º Quarter,1º Semestre,1º Semester
2018/jun,2018-06-11 00:00:00,June,2º Trimestre,2º Quarter,1º Semestre,1º Semester
2018/jun,2018-06-12 00:00:00,June,2º Trimestre,2º Quarter,1º Semestre,1º Semester
2018/jun,2018-06-13 00:00:00,June,2º Trimestre,2º Quarter,1º Semestre,1º Semester
2018/jun,2018-06-14 00:00:00,June,2º Trimestre,2º Quarter,1º Semestre,1º Semester
2018/jun,2018-06-15 00:00:00,June,2º Trimestre,2º Quarter,1º Semestre,1º Semester
2018/jun,2018-06-16 00:00:00,June,2º Trimestre,2º Quarter,1º Semestre,1º Semester
2018/jun,2018-06-17 00:00:00,June,2º Trimestre,2º Quarter,1º Semestre,1º Semester
2018/jun,2018-06-18 00:00:00,June,2º Trimestre,2º Quarter,1º Semestre,1º Semester
2018/jun,2018-06-19 00:00:00,June,2º Trimestre,2º Quarter,1º Semestre,1º Semester
2018/jun,2018-06-20 00:00:00,June,2º Trimestre,2º Quarter,1º Semestre,1º Semester
2018/jun,2018-06-21 00:00:00,June,2º Trimestre,2º Quarter,1º Semestre,1º Semester
2018/jun,2018-06-22 00:00:00,June,2º Trimestre,2º Quarter,1º Semestre,1º Semester
2018/jun,2018-06-23 00:00:00,June,2º Trimestre,2º Quarter,1º Semestre,1º Semester
2018/jun,2018-06-24 00:00:00,June,2º Trimestre,2º Quarter,1º Semestre,1º Semester
2018/jun,2018-06-25 00:00:00,June,2º Trimestre,2º Quarter,1º Semestre,1º Semester
2018/jun,2018-06-26 00:00:00,June,2º Trimestre,2º Quarter,1º Semestre,1º Semester
2018/jun,2018-06-27 00:00:00,June,2º Trimestre,2º Quarter,1º Semestre,1º Semester
2018/jun,2018-06-28 00:00:00,June,2º Trimestre,2º Quarter,1º Semestre,1º Semester
2018/jun,2018-06-29 00:00:00,June,2º Trimestre,2º Quarter,1º Semestre,1º Semester
2018/jun,2018-06-30 00:00:00,June,2º Trimestre,2º Quarter,1º Semestre,1º Semester
2018/mai,2018-05-01 00:00:00,May,2º Trimestre,2º Quarter,1º Semestre,1º Semester
2018/mai,2018-05-02 00:00:00,May,2º Trimestre,2º Quarter,1º Semestre,1º Semester
2018/mai,2018-05-03 00:00:00,May,2º Trimestre,2º Quarter,1º Semestre,1º Semester
2018/mai,2018-05-04 00:00:00,May,2º Trimestre,2º Quarter,1º Semestre,1º Semester
2018/mai,2018-05-05 00:00:00,May,2º Trimestre,2º Quarter,1º Semestre,1º Semester
2018/mai,2018-05-06 00:00:00,May,2º Trimestre,2º Quarter,1º Semestre,1º Semester
2018/mai,2018-05-07 00:00:00,May,2º Trimestre,2º Quarter,1º Semestre,1º Semester
2018/mai,2018-05-08 00:00:00,May,2º Trimestre,2º Quarter,1º Semestre,1º Semester
2018/mai,2018-05-09 00:00:00,May,2º Trimestre,2º Quarter,1º Semestre,1º Semester
2018/mai,2018-05-10 00:00:00,May,2º Trimestre,2º Quarter,1º Semestre,1º Semester
2018/mai,2018-05-11 00:00:00,May,2º Trimestre,2º Quarter,1º Semestre,1º Semester
2018/mai,2018-05-12 00:00:00,May,2º Trimestre,2º Quarter,1º Semestre,1º Semester
2018/mai,2018-05-13 00:00:00,May,2º Trimestre,2º Quarter,1º Semestre,1º Semester
2018/mai,2018-05-14 00:00:00,May,2º Trimestre,2º Quarter,1º Semestre,1º Semester
2018/mai,2018-05-15 00:00:00,May,2º Trimestre,2º Quarter,1º Semestre,1º Semester
2018/mai,2018-05-16 00:00:00,May,2º Trimestre,2º Quarter,1º Semestre,1º Semester
2018/mai,2018-05-17 00:00:00,May,2º Trimestre,2º Quarter,1º Semestre,1º Semester
2018/mai,2018-05-18 00:00:00,May,2º Trimestre,2º Quarter,1º Semestre,1º Semester
2018/mai,2018-05-19 00:00:00,May,2º Trimestre,2º Quarter,1º Semestre,1º Semester
2018/mai,2018-05-20 00:00:00,May,2º Trimestre,2º Quarter,1º Semestre,1º Semester
2018/mai,2018-05-21 00:00:00,May,2º Trimestre,2º Quarter,1º Semestre,1º Semester
2018/mai,2018-05-22 00:00:00,May,2º Trimestre,2º Quarter,1º Semestre,1º Semester
2018/mai,2018-05-23 00:00:00,May,2º Trimestre,2º Quarter,1º Semestre,1º Semester
2018/mai,2018-05-24 00:00:00,May,2º Trimestre,2º Quarter,1º Semestre,1º Semester
2018/mai,2018-05-25 00:00:00,May,2º Trimestre,2º Quarter,1º Semestre,1º Semester
2018/mai,2018-05-26 00:00:00,May,2º Trimestre,2º Quarter,1º Semestre,1º Semester
2018/mai,2018-05-27 00:00:00,May,2º Trimestre,2º Quarter,1º Semestre,1º Semester
2018/mai,2018-05-28 00:00:00,May,2º Trimestre,2º Quarter,1º Semestre,1º Semester
2018/mai,2018-05-29 00:00:00,May,2º Trimestre,2º Quarter,1º Semestre,1º Semester
2018/mai,2018-05-30 00:00:00,May,2º Trimestre,2º Quarter,1º Semestre,1º Semester
2018/mai,2018-05-31 00:00:00,May,2º Trimestre,2º Quarter,1º Semestre,1º Semester
2018/mar,2018-03-01 00:00:00,March,1º Trimestre,1º Quarter,1º Semestre,1º Semester
2018/mar,2018-03-02 00:00:00,March,1º Trimestre,1º Quarter,1º Semestre,1º Semester
2018/mar,2018-03-03 00:00:00,March,1º Trimestre,1º Quarter,1º Semestre,1º Semester
2018/mar,2018-03-04 00:00:00,March,1º Trimestre,1º Quarter,1º Semestre,1º Semester
2018/mar,2018-03-05 00:00:00,March,1º Trimestre,1º Quarter,1º Semestre,1º Semester
2018/mar,2018-03-06 00:00:00,March,1º Trimestre,1º Quarter,1º Semestre,1º Semester
2018/mar,2018-03-07 00:00:00,March,1º Trimestre,1º Quarter,1º Semestre,1º Semester
2018/mar,2018-03-08 00:00:00,March,1º Trimestre,1º Quarter,1º Semestre,1º Semester
2018/mar,2018-03-09 00:00:00,March,1º Trimestre,1º Quarter,1º Semestre,1º Semester
2018/mar,2018-03-10 00:00:00,March,1º Trimestre,1º Quarter,1º Semestre,1º Semester
2018/mar,2018-03-11 00:00:00,March,1º Trimestre,1º Quarter,1º Semestre,1º Semester
2018/mar,2018-03-12 00:00:00,March,1º Trimestre,1º Quarter,1º Semestre,1º Semester
2018/mar,2018-03-13 00:00:00,March,1º Trimestre,1º Quarter,1º Semestre,1º Semester
2018/mar,2018-03-14 00:00:00,March,1º Trimestre,1º Quarter,1º Semestre,1º Semester
2018/mar,2018-03-15 00:00:00,March,1º Trimestre,1º Quarter,1º Semestre,1º Semester
2018/mar,2018-03-16 00:00:00,March,1º Trimestre,1º Quarter,1º Semestre,1º Semester
2018/mar,2018-03-17 00:00:00,March,1º Trimestre,1º Quarter,1º Semestre,1º Semester
2018/mar,2018-03-18 00:00:00,March,1º Trimestre,1º Quarter,1º Semestre,1º Semester
2018/mar,2018-03-19 00:00:00,March,1º Trimestre,1º Quarter,1º Semestre,1º Semester
2018/mar,2018-03-20 00:00:00,March,1º Trimestre,1º Quarter,1º Semestre,1º Semester
2018/mar,2018-03-21 00:00:00,March,1º Trimestre,1º Quarter,1º Semestre,1º Semester
2018/mar,2018-03-22 00:00:00,March,1º Trimestre,1º Quarter,1º Semestre,1º Semester
2018/mar,2018-03-23 00:00:00,March,1º Trimestre,1º Quarter,1º Semestre,1º Semester
2018/mar,2018-03-24 00:00:00,March,1º Trimestre,1º Quarter,1º Semestre,1º Semester
2018/mar,2018-03-25 00:00:00,March,1º Trimestre,1º Quarter,1º Semestre,1º Semester
2018/mar,2018-03-26 00:00:00,March,1º Trimestre,1º Quarter,1º Semestre,1º Semester
2018/mar,2018-03-27 00:00:00,March,1º Trimestre,1º Quarter,1º Semestre,1º Semester
2018/mar,2018-03-28 00:00:00,March,1º Trimestre,1º Quarter,1º Semestre,1º Semester
2018/mar,2018-03-29 00:00:00,March,1º Trimestre,1º Quarter,1º Semestre,1º Semester
2018/mar,2018-03-30 00:00:00,March,1º Trimestre,1º Quarter,1º Semestre,1º Semester
2018/mar,2018-03-31 00:00:00,March,1º Trimestre,1º Quarter,1º Semestre,1º Semester
2018/nov,2018-11-01 00:00:00,November,4º Trimestre,4º Quarter,2º Semestre,2º Semester
2018/nov,2018-11-02 00:00:00,November,4º Trimestre,4º Quarter,2º Semestre,2º Semester
2018/nov,2018-11-03 00:00:00,November,4º Trimestre,4º Quarter,2º Semestre,2º Semester
2018/nov,2018-11-04 00:00:00,November,4º Trimestre,4º Quarter,2º Semestre,2º Semester
2018/nov,2018-11-05 00:00:00,November,4º Trimestre,4º Quarter,2º Semestre,2º Semester
2018/nov,2018-11-06 00:00:00,November,4º Trimestre,4º Quarter,2º Semestre,2º Semester
2018/nov,2018-11-07 00:00:00,November,4º Trimestre,4º Quarter,2º Semestre,2º Semester
2018/nov,2018-11-08 00:00:00,November,4º Trimestre,4º Quarter,2º Semestre,2º Semester
2018/nov,2018-11-09 00:00:00,November,4º Trimestre,4º Quarter,2º Semestre,2º Semester
2018/nov,2018-11-10 00:00:00,November,4º Trimestre,4º Quarter,2º Semestre,2º Semester
2018/nov,2018-11-11 00:00:00,November,4º Trimestre,4º Quarter,2º Semestre,2º Semester
2018/nov,2018-11-12 00:00:00,November,4º Trimestre,4º Quarter,2º Semestre,2º Semester
2018/nov,2018-11-13 00:00:00,November,4º Trimestre,4º Quarter,2º Semestre,2º Semester
2018/nov,2018-11-14 00:00:00,November,4º Trimestre,4º Quarter,2º Semestre,2º Semester
2018/nov,2018-11-15 00:00:00,November,4º Trimestre,4º Quarter,2º Semestre,2º Semester
2018/nov,2018-11-16 00:00:00,November,4º Trimestre,4º Quarter,2º Semestre,2º Semester
2018/nov,2018-11-17 00:00:00,November,4º Trimestre,4º Quarter,2º Semestre,2º Semester
2018/nov,2018-11-18 00:00:00,November,4º Trimestre,4º Quarter,2º Semestre,2º Semester
2018/nov,2018-11-19 00:00:00,November,4º Trimestre,4º Quarter,2º Semestre,2º Semester
2018/nov,2018-11-20 00:00:00,November,4º Trimestre,4º Quarter,2º Semestre,2º Semester
2018/nov,2018-11-21 00:00:00,November,4º Trimestre,4º Quarter,2º Semestre,2º Semester
2018/nov,2018-11-22 00:00:00,November,4º Trimestre,4º Quarter,2º Semestre,2º Semester
2018/nov,2018-11-23 00:00:00,November,4º Trimestre,4º Quarter,2º Semestre,2º Semester
2018/nov,2018-11-24 00:00:00,November,4º Trimestre,4º Quarter,2º Semestre,2º Semester
2018/nov,2018-11-25 00:00:00,November,4º Trimestre,4º Quarter,2º Semestre,2º Semester
2018/nov,2018-11-26 00:00:00,November,4º Trimestre,4º Quarter,2º Semestre,2º Semester
2018/nov,2018-11-27 00:00:00,November,4º Trimestre,4º Quarter,2º Semestre,2º Semester
2018/nov,2018-11-28 00:00:00,November,4º Trimestre,4º Quarter,2º Semestre,2º Semester
2018/nov,2018-11-29 00:00:00,November,4º Trimestre,4º Quarter,2º Semestre,2º Semester
2018/nov,2018-11-30 00:00:00,November,4º Trimestre,4º Quarter,2º Semestre,2º Semester
2018/out,2018-10-01 00:00:00,October,4º Trimestre,4º Quarter,2º Semestre,2º Semester
2018/out,2018-10-02 00:00:00,October,4º Trimestre,4º Quarter,2º Semestre,2º Semester
2018/out,2018-10-03 00:00:00,October,4º Trimestre,4º Quarter,2º Semestre,2º Semester
2018/out,2018-10-04 00:00:00,October,4º Trimestre,4º Quarter,2º Semestre,2º Semester
2018/out,2018-10-05 00:00:00,October,4º Trimestre,4º Quarter,2º Semestre,2º Semester
2018/out,2018-10-06 00:00:00,October,4º Trimestre,4º Quarter,2º Semestre,2º Semester
2018/out,2018-10-07 00:00:00,October,4º Trimestre,4º Quarter,2º Semestre,2º Semester
2018/out,2018-10-08 00:00:00,October,4º Trimestre,4º Quarter,2º Semestre,2º Semester
2018/out,2018-10-09 00:00:00,October,4º Trimestre,4º Quarter,2º Semestre,2º Semester
2018/out,2018-10-10 00:00:00,October,4º Trimestre,4º Quarter,2º Semestre,2º Semester
2018/out,2018-10-11 00:00:00,October,4º Trimestre,4º Quarter,2º Semestre,2º Semester
2018/out,2018-10-12 00:00:00,October,4º Trimestre,4º Quarter,2º Semestre,2º Semester
2018/out,2018-10-13 00:00:00,October,4º Trimestre,4º Quarter,2º Semestre,2º Semester
2018/out,2018-10-14 00:00:00,October,4º Trimestre,4º Quarter,2º Semestre,2º Semester
2018/out,2018-10-15 00:00:00,October,4º Trimestre,4º Quarter,2º Semestre,2º Semester
2018/out,2018-10-16 00:00:00,October,4º Trimestre,4º Quarter,2º Semestre,2º Semester
2018/out,2018-10-17 00:00:00,October,4º Trimestre,4º Quarter,2º Semestre,2º Semester
2018/out,2018-10-18 00:00:00,October,4º Trimestre,4º Quarter,2º Semestre,2º Semester
2018/out,2018-10-19 00:00:00,October,4º Trimestre,4º Quarter,2º Semestre,2º Semester
2018/out,2018-10-20 00:00:00,October,4º Trimestre,4º Quarter,2º Semestre,2º Semester
2018/out,2018-10-21 00:00:00,October,4º Trimestre,4º Quarter,2º Semestre,2º Semester
2018/out,2018-10-22 00:00:00,October,4º Trimestre,4º Quarter,2º Semestre,2º Semester
2018/out,2018-10-23 00:00:00,October,4º Trimestre,4º Quarter,2º Semestre,2º Semester
2018/out,2018-10-24 00:00:00,October,4º Trimestre,4º Quarter,2º Semestre,2º Semester
2018/out,2018-10-25 00:00:00,October,4º Trimestre,4º Quarter,2º Semestre,2º Semester
2018/out,2018-10-26 00:00:00,October,4º Trimestre,4º Quarter,2º Semestre,2º Semester
2018/out,2018-10-27 00:00:00,October,4º Trimestre,4º Quarter,2º Semestre,2º Semester
2018/out,2018-10-28 00:00:00,October,4º Trimestre,4º Quarter,2º Semestre,2º Semester
2018/out,2018-10-29 00:00:00,October,4º Trimestre,4º Quarter,2º Semestre,2º Semester
2018/out,2018-10-30 00:00:00,October,4º Trimestre,4º Quarter,2º Semestre,2º Semester
2018/out,2018-10-31 00:00:00,October,4º Trimestre,4º Quarter,2º Semestre,2º Semester
2018/set,2018-09-01 00:00:00,September,3º Trimestre,3º Quarter,2º Semestre,2º Semester
2018/set,2018-09-02 00:00:00,September,3º Trimestre,3º Quarter,2º Semestre,2º Semester
2018/set,2018-09-03 00:00:00,September,3º Trimestre,3º Quarter,2º Semestre,2º Semester
2018/set,2018-09-04 00:00:00,September,3º Trimestre,3º Quarter,2º Semestre,2º Semester
2018/set,2018-09-05 00:00:00,September,3º Trimestre,3º Quarter,2º Semestre,2º Semester
2018/set,2018-09-06 00:00:00,September,3º Trimestre,3º Quarter,2º Semestre,2º Semester
2018/set,2018-09-07 00:00:00,September,3º Trimestre,3º Quarter,2º Semestre,2º Semester
2018/set,2018-09-08 00:00:00,September,3º Trimestre,3º Quarter,2º Semestre,2º Semester
2018/set,2018-09-09 00:00:00,September,3º Trimestre,3º Quarter,2º Semestre,2º Semester
2018/set,2018-09-10 00:00:00,September,3º Trimestre,3º Quarter,2º Semestre,2º Semester
2018/set,2018-09-11 00:00:00,September,3º Trimestre,3º Quarter,2º Semestre,2º Semester
2018/set,2018-09-12 00:00:00,September,3º Trimestre,3º Quarter,2º Semestre,2º Semester
2018/set,2018-09-13 00:00:00,September,3º Trimestre,3º Quarter,2º Semestre,2º Semester
2018/set,2018-09-14 00:00:00,September,3º Trimestre,3º Quarter,2º Semestre,2º Semester
2018/set,2018-09-15 00:00:00,September,3º Trimestre,3º Quarter,2º Semestre,2º Semester
2018/set,2018-09-16 00:00:00,September,3º Trimestre,3º Quarter,2º Semestre,2º Semester
2018/set,2018-09-17 00:00:00,September,3º Trimestre,3º Quarter,2º Semestre,2º Semester
2018/set,2018-09-18 00:00:00,September,3º Trimestre,3º Quarter,2º Semestre,2º Semester
2018/set,2018-09-19 00:00:00,September,3º Trimestre,3º Quarter,2º Semestre,2º Semester
2018/set,2018-09-20 00:00:00,September,3º Trimestre,3º Quarter,2º Semestre,2º Semester
2018/set,2018-09-21 00:00:00,September,3º Trimestre,3º Quarter,2º Semestre,2º Semester
2018/set,2018-09-22 00:00:00,September,3º Trimestre,3º Quarter,2º Semestre,2º Semester
2018/set,2018-09-23 00:00:00,September,3º Trimestre,3º Quarter,2º Semestre,2º Semester
2018/set,2018-09-24 00:00:00,September,3º Trimestre,3º Quarter,2º Semestre,2º Semester
2018/set,2018-09-25 00:00:00,September,3º Trimestre,3º Quarter,2º Semestre,2º Semester
2018/set,2018-09-26 00:00:00,September,3º Trimestre,3º Quarter,2º Semestre,2º Semester
2018/set,2018-09-27 00:00:00,September,3º Trimestre,3º Quarter,2º Semestre,2º Semester
2018/set,2018-09-28 00:00:00,September,3º Trimestre,3º Quarter,2º Semestre,2º Semester
2018/set,2018-09-29 00:00:00,September,3º Trimestre,3º Quarter,2º Semestre,2º Semester
2018/set,2018-09-30 00:00:00,September,3º Trimestre,3º Quarter,2º Semestre,2º Semester
